TITULO_ORIGINAL,CPB,DATA_EMISSAO_CPB,SITUACAO_OBRA,PART_PATRIMONIAL_BRASILEIRA,ACORDO_COPRODUCAO
""" A PRIMEIRA MISSA""",B1301902100000,31/07/2013,DEFERIDO,MAJORITÁRIA,ACORDO DE COPRODUÇÃO CINEMATOGRÁFICA ENTRE OS GOVERNOS DA REPÚBLICA FEDERATIVA DO BRASIL E DA REPÚBLICA PORTUGUESA
"""EL HOMBRE QUE CUIDA""",B1800115900000,14/03/2018,DEFERIDO,MINORITÁRIA,ACORDO LATINO-AMERICANO DE COPRODUÇÃO CINEMATOGRÁFICA
1968 - O DESPERTAR,B1900050000000,01/02/2019,DEFERIDO,MINORITÁRIA,ACORDO DE COPRODUÇÃO CINEMATOGRÁFICA BRASIL-ALEMANHA
200 GRAUS,B1600679000000,11/10/2016,DEFERIDO,MAJORITÁRIA,
31 MINUTOS,B1201568300000,12/03/2012,DEFERIDO,MINORITÁRIA,AJUSTE COMPLEMENTAR ENTRE O GOVERNO DA REPÚBLICA FEDERATIVA DO BRASIL E O GOVERNO DA REPÚBLICA DO CHILE NO ÂMBITO DA COOPERAÇÃO E DA COPRODUÇÃO CINEMATOGRÁFICA
5 CASAS,B2000263300000,02/07/2020,DEFERIDO,MAJORITÁRIA,ACORDO DE COPRODUÇÃO CINEMATOGRÁFICA BRASIL-ALEMANHA
7 PRISIONEIROS,B2100436200000,08/10/2021,DEFERIDO,MAJORITÁRIA,
A ALMA QUER VOAR,B2100203300000,18/05/2021,DEFERIDO,MINORITÁRIA,ACORDO LATINO-AMERICANO DE COPRODUÇÃO CINEMATOGRÁFICA
A BARQUEIRA,B2000556700000,28/12/2020,DEFERIDO,MINORITÁRIA,ACORDO LATINO-AMERICANO DE COPRODUÇÃO CINEMATOGRÁFICA
A BELA AMÉRICA,B2300454300000,17/10/2023,DEFERIDO,MINORITÁRIA,ACORDO DE COPRODUÇÃO CINEMATOGRÁFICA ENTRE OS GOVERNOS DA REPÚBLICA FEDERATIVA DO BRASIL E DA REPÚBLICA PORTUGUESA
A CASA VERDE,B0901007400000,16/04/2009,DEFERIDO,MAJORITÁRIA,ACORDO DE COPRODUÇÃO CINEMATOGRÁFICA ENTRE O GOVERNO DA REPÚBLICA FEDERATIVA DO BRASIL E O GOVERNO DA REPÚBLICA ARGENTINA
A CIDADE ONDE ENVELHEÇO,B1600181500000,15/03/2016,DEFERIDO,MAJORITÁRIA,ACORDO DE COPRODUÇÃO CINEMATOGRÁFICA ENTRE OS GOVERNOS DA REPÚBLICA FEDERATIVA DO BRASIL E DA REPÚBLICA PORTUGUESA
A COLEÇÃO INVISÍVEL,B1201666700000,08/10/2012,DEFERIDO,MAJORITÁRIA,
A ESTAÇÃO,B2300257900000,27/06/2023,DEFERIDO,MAJORITÁRIA,ACORDO LATINO-AMERICANO DE COPRODUÇÃO CINEMATOGRÁFICA
A ESTRADA 47,B1402125800000,17/03/2014,DEFERIDO,MAJORITÁRIA,ACORDO DE COPRODUÇÃO CINEMATOGRÁFICA ENTRE OS GOVERNOS DA REPÚBLICA FEDERATIVA DO BRASIL E DA REPÚBLICA PORTUGUESA
A FAMÍLIA SUBMERSA,B1800358900000,08/08/2018,DEFERIDO,MINORITÁRIA,ACORDO LATINO-AMERICANO DE COPRODUÇÃO CINEMATOGRÁFICA
A FEBRE,B1900486200000,30/09/2019,DEFERIDO,MAJORITÁRIA,ACORDO DE COPRODUÇÃO CINEMATOGRÁFICA ENTRE O GOVERNO DA REPÚBLICA FEDERATIVA DO BRASIL E O GOVERNO DA REPÚBLICA FRANCESA
A FESTA DA MENINA MORTA,B0800866000000,09/05/2008,DEFERIDO,MAJORITÁRIA,ACORDO LATINO-AMERICANO DE COPRODUÇÃO CINEMATOGRÁFICA
A FLOR DO BURITI,B2300570500000,20/12/2023,DEFERIDO,MINORITÁRIA,ACORDO DE COPRODUÇÃO CINEMATOGRÁFICA ENTRE OS GOVERNOS DA REPÚBLICA FEDERATIVA DO BRASIL E DA REPÚBLICA PORTUGUESA
A FLORESTA QUE SE MOVE,B1500591500000,31/07/2015,DEFERIDO,MAJORITÁRIA,
A HISTÓRIA DO MEU NOME,B2000184900000,11/05/2020,DEFERIDO,MINORITÁRIA,AJUSTE COMPLEMENTAR ENTRE O GOVERNO DA REPÚBLICA FEDERATIVA DO BRASIL E O GOVERNO DA REPÚBLICA DO CHILE NO ÂMBITO DA COOPERAÇÃO E DA COPRODUÇÃO CINEMATOGRÁFICA
A ILHA DA MORTE,B0700701800000,14/06/2007,DEFERIDO,MAJORITÁRIA,ACORDO LATINO-AMERICANO DE COPRODUÇÃO CINEMATOGRÁFICA
A JORNADA DE MARIA,B1800596800000,13/12/2018,DEFERIDO,MINORITÁRIA,
A MULHER DO MEU MARIDO,B1800089700000,28/02/2018,DEFERIDO,MAJORITÁRIA,ACORDO LATINO-AMERICANO DE COPRODUÇÃO CINEMATOGRÁFICA
A NAÇÃO QUE NÃO ESPEROU POR DEUS,B1500105700000,02/02/2015,DEFERIDO,MAJORITÁRIA,ACORDO DE COPRODUÇÃO CINEMATOGRÁFICA ENTRE OS GOVERNOS DA REPÚBLICA FEDERATIVA DO BRASIL E DA REPÚBLICA PORTUGUESA
A OESTE DO FIM DO MUNDO,B1301910400000,06/08/2013,DEFERIDO,MAJORITÁRIA,ACORDO LATINO-AMERICANO DE COPRODUÇÃO CINEMATOGRÁFICA
A OUTRA MARGEM,B0700764700000,19/09/2007,DEFERIDO,MINORITÁRIA,ACORDO DE COPRODUÇÃO CINEMATOGRÁFICA ENTRE OS GOVERNOS DA REPÚBLICA FEDERATIVA DO BRASIL E DA REPÚBLICA PORTUGUESA
A OUTRA PELE,B2000043400000,05/02/2020,DEFERIDO,MINORITÁRIA,ACORDO LATINO-AMERICANO DE COPRODUÇÃO CINEMATOGRÁFICA
A PELADA,B1302034700000,05/12/2013,DEFERIDO,MINORITÁRIA,
A QUEDA DO CÉU - HUTOMOSI KERAYUWI,B2400446000000,30/10/2024,DEFERIDO,MAJORITÁRIA,ACORDO DE COPRODUÇÃO CINEMATOGRÁFICA ENTRE O GOVERNO DA REPÚBLICA FEDERATIVA DO BRASIL E O GOVERNO DA REPÚBLICA ITALIANA E TROCA DE NOTAS
"A RUA, A MÚSICA",B1700604900000,12/12/2017,DEFERIDO,MAJORITÁRIA,
A SORTE EM SUAS MÃOS,B1301971700000,26/09/2013,DEFERIDO,MINORITÁRIA,ACORDO LATINO-AMERICANO DE COPRODUÇÃO CINEMATOGRÁFICA
A TERRA VERMELHA,B1600439400000,07/07/2016,DEFERIDO,MINORITÁRIA,ACORDO LATINO-AMERICANO DE COPRODUÇÃO CINEMATOGRÁFICA
A TROPA DE TRAPO - NA SELVA DO ARCO-ÍRIS,B1800131200000,27/03/2018,DEFERIDO,MINORITÁRIA,ACORDO LATINO-AMERICANO DE COPRODUÇÃO CINEMATOGRÁFICA
A VERSÃO DE ANITA,B2300427200000,29/09/2023,DEFERIDO,MINORITÁRIA,ACORDO DE COPRODUÇÃO CINEMATOGRÁFICA ENTRE O GOVERNO DA REPÚBLICA FEDERATIVA DO BRASIL E O GOVERNO DA REPÚBLICA ITALIANA E TROCA DE NOTAS
A VIAGEM DE PEDRO,B2100263400000,21/06/2021,DEFERIDO,MAJORITÁRIA,ACORDO DE COPRODUÇÃO CINEMATOGRÁFICA ENTRE OS GOVERNOS DA REPÚBLICA FEDERATIVA DO BRASIL E DA REPÚBLICA PORTUGUESA
A VIDA INVISÍVEL,B1900366600000,06/08/2019,DEFERIDO,MAJORITÁRIA,ACORDO DE COPRODUÇÃO CINEMATOGRÁFICA BRASIL-ALEMANHA
A VOZ DO SILÊNCIO,B1800262800000,08/06/2018,DEFERIDO,MAJORITÁRIA,ACORDO LATINO-AMERICANO DE COPRODUÇÃO CINEMATOGRÁFICA
A ÚLTIMA FESTA,B2200343300000,12/09/2022,DEFERIDO,MAJORITÁRIA,ACORDO DE COPRODUÇÃO CINEMATOGRÁFICA ENTRE OS GOVERNOS DA REPÚBLICA FEDERATIVA DO BRASIL E DA REPÚBLICA PORTUGUESA
ABRIL BELGA - SEMPRE LOTADO (VÍDEO),B2400436100000,24/10/2024,DEFERIDO,MAJORITÁRIA,
ACHADOS E PERDIDOS,B0500323500000,12/08/2005,DEFERIDO,MAJORITÁRIA,ACORDO LATINO-AMERICANO DE COPRODUÇÃO CINEMATOGRÁFICA
AINDA ESTOU AQUI,B2400324700000,16/08/2024,DEFERIDO,MAJORITÁRIA,ACORDO DE COPRODUÇÃO CINEMATOGRÁFICA ENTRE O GOVERNO DA REPÚBLICA FEDERATIVA DO BRASIL E O GOVERNO DA REPÚBLICA FRANCESA
ALGUMA COISA ASSIM,B1700548300000,08/11/2017,DEFERIDO,MAJORITÁRIA,ACORDO DE COPRODUÇÃO CINEMATOGRÁFICA BRASIL-ALEMANHA
ALGUÉM COMO EU,B1800130000000,26/03/2018,DEFERIDO,MAJORITÁRIA,ACORDO DE COPRODUÇÃO CINEMATOGRÁFICA ENTRE OS GOVERNOS DA REPÚBLICA FEDERATIVA DO BRASIL E DA REPÚBLICA PORTUGUESA
ALMA DEL DESIERTO,B2400346300000,04/09/2024,DEFERIDO,MINORITÁRIA,ACORDO LATINO-AMERICANO DE COPRODUÇÃO CINEMATOGRÁFICA
AMAZON ADVENTURE,B1800223100000,22/05/2018,DEFERIDO,MINORITÁRIA,
AMAZÔNIA - A ÚLTIMA FRONTEIRA,B1201623800000,03/07/2012,DEFERIDO,MINORITÁRIA,ACORDO DE COPRODUÇÃO CINEMATOGRÁFICA ENTRE O GOVERNO DA REPÚBLICA FEDERATIVA DO BRASIL E O GOVERNO DA REPÚBLICA FRANCESA
AMAZÔNIA PLANETA VERDE,B1402080700000,30/01/2014,DEFERIDO,MINORITÁRIA,ACORDO DE COPRODUÇÃO CINEMATOGRÁFICA ENTRE O GOVERNO DA REPÚBLICA FEDERATIVA DO BRASIL E O GOVERNO DA REPÚBLICA FRANCESA
"AMENZE, ENTRE DOIS MUNDOS",B1600756400000,29/11/2016,DEFERIDO,MINORITÁRIA,
AMIGO SECRETO,B2200201200000,23/05/2022,DEFERIDO,MAJORITÁRIA,
AMO TE IMENSO,B2300526900000,23/11/2023,DEFERIDO,MINORITÁRIA,ACORDO DE COPRODUÇÃO CINEMATOGRÁFICA ENTRE OS GOVERNOS DA REPÚBLICA FEDERATIVA DO BRASIL E DA REPÚBLICA PORTUGUESA
AMOR REBELDE,B2300240900000,19/06/2023,DEFERIDO,MINORITÁRIA,ACORDO LATINO-AMERICANO DE COPRODUÇÃO CINEMATOGRÁFICA
AMORES CUBANOS,B2000207600000,27/05/2020,DEFERIDO,MAJORITÁRIA,
AMÉRICA,B1201604900000,29/05/2012,DEFERIDO,MINORITÁRIA,ACORDO DE COPRODUÇÃO CINEMATOGRÁFICA ENTRE OS GOVERNOS DA REPÚBLICA FEDERATIVA DO BRASIL E DA REPÚBLICA PORTUGUESA
ANA. SEM TITULO,B2000319700000,03/08/2020,DEFERIDO,MAJORITÁRIA,ACORDO LATINO-AMERICANO DE COPRODUÇÃO CINEMATOGRÁFICA
ANGIE,B1301759600000,06/03/2013,DEFERIDO,MAJORITÁRIA,
"ANHANGÁ, ESPÍRITO DA AMAZÔNIA",B1500793500000,19/10/2015,DEFERIDO,MAJORITÁRIA,
ANOTHER FOREVER,B1700048800000,31/01/2017,DEFERIDO,MAJORITÁRIA,
AOS NOSSOS FILHOS,B2100115300000,17/03/2021,DEFERIDO,MAJORITÁRIA,ACORDO DE COPRODUÇÃO CINEMATOGRÁFICA ENTRE O GOVERNO DA REPÚBLICA FEDERATIVA DO BRASIL E O GOVERNO DA REPÚBLICA FRANCESA
APOCALIPSE NOS TRÓPICOS,B2400357100000,10/09/2024,DEFERIDO,MAJORITÁRIA,
AQUARIUS,B1600478600000,26/07/2016,DEFERIDO,MAJORITÁRIA,
AQUI TEM HISTÓRIA,B2200312300000,19/08/2022,DEFERIDO,MAJORITÁRIA,
ARAÑA,B2100294600000,14/07/2021,DEFERIDO,MINORITÁRIA,AJUSTE COMPLEMENTAR ENTRE O GOVERNO DA REPÚBLICA FEDERATIVA DO BRASIL E O GOVERNO DA REPÚBLICA DO CHILE NO ÂMBITO DA COOPERAÇÃO E DA COPRODUÇÃO CINEMATOGRÁFICA
ARCA DE NOÉ,B2400283000000,16/07/2024,DEFERIDO,MAJORITÁRIA,ACORDO DE COPRODUÇÃO AUDIOVISUAL ENTRE O GOVERNO DA REPÚBLICA FEDERATIVA DO BRASIL E O GOVERNO DA REPÚBLICA DA ÍNDIA
ARQUITETANDO - 2ª TEMPORADA,B1500405000000,21/05/2015,DEFERIDO,MAJORITÁRIA,
ARTE E CAOS,B2100452900000,18/10/2021,DEFERIDO,MAJORITÁRIA,
"ARTIGAS (ARTIGAS, LA REDOTA)",B1301712400000,04/01/2013,DEFERIDO,MINORITÁRIA,ACORDO LATINO-AMERICANO DE COPRODUÇÃO CINEMATOGRÁFICA
AS BOAS MANEIRAS,B1700450500000,11/09/2017,DEFERIDO,MAJORITÁRIA,ACORDO DE COPRODUÇÃO CINEMATOGRÁFICA ENTRE O GOVERNO DA REPÚBLICA FEDERATIVA DO BRASIL E O GOVERNO DA REPÚBLICA FRANCESA
AS COISAS NÃO SÃO FEITAS POR ACASO,B1302048000000,16/12/2013,DEFERIDO,MINORITÁRIA,ACORDO DE COPRODUÇÃO CINEMATOGRÁFICA ENTRE OS GOVERNOS DA REPÚBLICA FEDERATIVA DO BRASIL E DA REPÚBLICA PORTUGUESA
AS DOZE ESTRELAS,B1101385900000,24/03/2011,DEFERIDO,MAJORITÁRIA,ACORDO LATINO-AMERICANO DE COPRODUÇÃO CINEMATOGRÁFICA
AS HERDEIRAS,B1800293900000,03/07/2018,DEFERIDO,MINORITÁRIA,ACORDO LATINO-AMERICANO DE COPRODUÇÃO CINEMATOGRÁFICA
AS NOVAS MISSÕES DO PEIXONAUTA,B1301982700000,09/10/2013,DEFERIDO,MAJORITÁRIA,ACORDO DE COPRODUÇÃO AUDIOVISUAL ENTRE O GOVERNO DA REPÚBLICA FEDERATIVA DO BRASIL E O GOVERNO DO CANADÁ
"ASTRO, UMA FÁBULA URBANA EM UM RIO DE JANEIRO MÁGICO",B1201670700000,15/10/2012,DEFERIDO,MAJORITÁRIA,
ATÉ QUE A MÚSICA PARE,B2300468900000,24/10/2023,DEFERIDO,MAJORITÁRIA,ACORDO DE COPRODUÇÃO CINEMATOGRÁFICA ENTRE O GOVERNO DA REPÚBLICA FEDERATIVA DO BRASIL E O GOVERNO DA REPÚBLICA ITALIANA E TROCA DE NOTAS
AURORA,B2400217100000,23/05/2024,DEFERIDO,MAJORITÁRIA,ACORDO DE COPRODUÇÃO CINEMATOGRÁFICA ENTRE O GOVERNO DA REPÚBLICA FEDERATIVA DO BRASIL E O GOVERNO DA REPÚBLICA FRANCESA
AUSÊNCIA,B1500276200000,07/04/2015,DEFERIDO,MAJORITÁRIA,AJUSTE COMPLEMENTAR ENTRE O GOVERNO DA REPÚBLICA FEDERATIVA DO BRASIL E O GOVERNO DA REPÚBLICA DO CHILE NO ÂMBITO DA COOPERAÇÃO E DA COPRODUÇÃO CINEMATOGRÁFICA
AVÓ DEZANOVE E O SEGREDO DO SOVIÉTICO,B2000332000000,12/08/2020,DEFERIDO,MINORITÁRIA,ACORDO DE COPRODUÇÃO CINEMATOGRÁFICA ENTRE OS GOVERNOS DA REPÚBLICA FEDERATIVA DO BRASIL E DA REPÚBLICA PORTUGUESA
B SIDE OF THE ROAD,B2200291200000,28/07/2022,DEFERIDO,MAJORITÁRIA,
BACURAU,B1900232600000,16/05/2019,DEFERIDO,MAJORITÁRIA,ACORDO DE COPRODUÇÃO CINEMATOGRÁFICA ENTRE O GOVERNO DA REPÚBLICA FEDERATIVA DO BRASIL E O GOVERNO DA REPÚBLICA FRANCESA
BASTARDOS E ARMADOS,B2100525700000,06/12/2021,DEFERIDO,MINORITÁRIA,ACORDO DE COPRODUÇÃO CINEMATOGRÁFICA ENTRE O GOVERNO DA REPÚBLICA FEDERATIVA DO BRASIL E O GOVERNO DA REPÚBLICA ITALIANA E TROCA DE NOTAS
BATALHA DE PIPAS,B1402437900000,08/10/2014,DEFERIDO,MAJORITÁRIA,
BEATRIZ,B1500711400000,18/09/2015,DEFERIDO,MAJORITÁRIA,ACORDO DE COPRODUÇÃO CINEMATOGRÁFICA ENTRE OS GOVERNOS DA REPÚBLICA FEDERATIVA DO BRASIL E DA REPÚBLICA PORTUGUESA
BELO MONTE: UM MUNDO ONDE TUDO É POSSÍVEL,B1600750800000,24/11/2016,DEFERIDO,MAJORITÁRIA,
BEM-VINDA VIOLETA,B2300147900000,14/04/2023,DEFERIDO,MINORITÁRIA,ACORDO DE COPRODUÇÃO CINEMATOGRÁFICA ENTRE O GOVERNO DA REPÚBLICA FEDERATIVA DO BRASIL E O GOVERNO DA REPÚBLICA ARGENTINA
BENZINHO,B1800106900000,08/03/2018,DEFERIDO,MAJORITÁRIA,ACORDO LATINO-AMERICANO DE COPRODUÇÃO CINEMATOGRÁFICA
BIG BANG,B2200454800000,01/12/2022,DEFERIDO,IGUALITÁRIA,
BOI NEON,B1500798600000,21/10/2015,DEFERIDO,MAJORITÁRIA,ACORDO LATINO-AMERICANO DE COPRODUÇÃO CINEMATOGRÁFICA
BONI BONITA,B1900302000000,27/06/2019,DEFERIDO,MAJORITÁRIA,ACORDO DE COPRODUÇÃO CINEMATOGRÁFICA ENTRE O GOVERNO DA REPÚBLICA FEDERATIVA DO BRASIL E O GOVERNO DA REPÚBLICA ARGENTINA
BRASIL SELVAGEM:PANTANAL,B1600787100000,21/12/2016,DEFERIDO,MINORITÁRIA,ACORDO DE COPRODUÇÃO AUDIOVISUAL ENTRE O GOVERNO DA REPÚBLICA FEDERATIVA DO BRASIL E O GOVERNO DO CANADÁ
BRASIL SOMOS NÓS,B1301934600000,26/08/2013,DEFERIDO,MINORITÁRIA,
"BRASIL, BRASIL!",B1500871200000,25/11/2015,DEFERIDO,MINORITÁRIA,
"BRASIL, BRASIL! - VERSÃO REDUZIDA",B1500748900000,02/10/2015,DEFERIDO,MINORITÁRIA,
BRASILEIRINHO,B0600578400000,30/08/2006,DEFERIDO,MAJORITÁRIA,
BREVE HISTÓRIA DO PLANETA VERDE,B1900541900000,29/10/2019,DEFERIDO,MINORITÁRIA,ACORDO DE COPRODUÇÃO CINEMATOGRÁFICA ENTRE O GOVERNO DA REPÚBLICA FEDERATIVA DO BRASIL E O GOVERNO DA REPÚBLICA ARGENTINA
BREVE MIRAGEM DE SOL,B1900263400000,05/06/2019,DEFERIDO,MAJORITÁRIA,
BRUXARIAS,B1500464600000,12/06/2015,DEFERIDO,MINORITÁRIA,ACORDO LATINO-AMERICANO DE COPRODUÇÃO CINEMATOGRÁFICA
BUDAPESTE,B0900988600000,19/02/2009,DEFERIDO,IGUALITÁRIA,
BUDAPEST_V4_FINAL2,B2000079200000,03/03/2020,DEFERIDO,MAJORITÁRIA,
CACÁ BUENO - O SONHO DO MUNDIAL,B1500105600000,02/02/2015,DEFERIDO,MAJORITÁRIA,
CADÊ HELENY?,B2200086900000,04/03/2022,DEFERIDO,MAJORITÁRIA,ACORDO LATINO-AMERICANO DE COPRODUÇÃO CINEMATOGRÁFICA
CAFÉ DOS MAESTROS,B0800935300000,24/10/2008,DEFERIDO,MINORITÁRIA,ACORDO DE COPRODUÇÃO CINEMATOGRÁFICA ENTRE O GOVERNO DA REPÚBLICA FEDERATIVA DO BRASIL E O GOVERNO DA REPÚBLICA ARGENTINA
"CALEUCHE, O CHAMADO DO MAR",B1301815500000,22/05/2013,DEFERIDO,MINORITÁRIA,
CALL GIRL,B0800880800000,19/06/2008,DEFERIDO,IGUALITÁRIA,ACORDO DE COPRODUÇÃO CINEMATOGRÁFICA ENTRE OS GOVERNOS DA REPÚBLICA FEDERATIVA DO BRASIL E DA REPÚBLICA PORTUGUESA
CAMINHOS ARGENTINOS,B2300289400000,18/07/2023,DEFERIDO,MAJORITÁRIA,
CAMINHOS MAGNÉTICOS,B1900057300000,06/02/2019,DEFERIDO,MINORITÁRIA,ACORDO DE COPRODUÇÃO CINEMATOGRÁFICA ENTRE OS GOVERNOS DA REPÚBLICA FEDERATIVA DO BRASIL E DA REPÚBLICA PORTUGUESA
CAMPO GRANDE,B1500344800000,30/04/2015,DEFERIDO,MAJORITÁRIA,
CANTANDO COM PING E PONG,B1800435500000,17/09/2018,DEFERIDO,MAJORITÁRIA,
CANTANDO COM PING E PONG CLIPES MUSICAIS,B1900611300000,11/12/2019,DEFERIDO,MAJORITÁRIA,
CAPITÃES DA AREIA,B1101496800000,12/09/2011,DEFERIDO,MAJORITÁRIA,ACORDO DE COPRODUÇÃO CINEMATOGRÁFICA ENTRE OS GOVERNOS DA REPÚBLICA FEDERATIVA DO BRASIL E DA REPÚBLICA PORTUGUESA
CAPOEIRA A DANÇA DA LIBERDADE,B0901034000000,18/06/2009,DEFERIDO,MAJORITÁRIA,
CARMO,B0800891600000,23/07/2008,DEFERIDO,IGUALITÁRIA,
CARNE,B2000038200000,29/01/2020,DEFERIDO,MAJORITÁRIA,ACORDO DE COPRODUÇÃO CINEMATOGRÁFICA ENTRE O BRASIL E A ESPANHA
CARTAS MARCADAS,B2200418000000,09/11/2022,DEFERIDO,MAJORITÁRIA,
CARVÃO,B2200312700000,19/08/2022,DEFERIDO,MAJORITÁRIA,ACORDO LATINO-AMERICANO DE COPRODUÇÃO CINEMATOGRÁFICA
CASA DE ANTIGUIDADES,B2000429100000,19/10/2020,DEFERIDO,MAJORITÁRIA,ACORDO DE COPRODUÇÃO CINEMATOGRÁFICA ENTRE O GOVERNO DA REPÚBLICA FEDERATIVA DO BRASIL E O GOVERNO DA REPÚBLICA FRANCESA
CASA FLUTUANTE,B2400370800000,18/09/2024,DEFERIDO,MINORITÁRIA,ACORDO DE COPRODUÇÃO CINEMATOGRÁFICA ENTRE OS GOVERNOS DA REPÚBLICA FEDERATIVA DO BRASIL E DA REPÚBLICA PORTUGUESA
CASTELO DE TERRA,B1900590500000,04/12/2019,DEFERIDO,MINORITÁRIA,
CAÇADORES DE CAVERNAS,B2400063100000,15/02/2024,DEFERIDO,MAJORITÁRIA,
CHE  MEMÓRIAS DE UM ANO SECRETO,B2000129400000,01/04/2020,DEFERIDO,MAJORITÁRIA,ACORDO DE COPRODUÇÃO CINEMATOGRÁFICA ENTRE O GOVERNO DA REPÚBLICA FEDERATIVA DO BRASIL E O GOVERNO DA REPÚBLICA ARGENTINA
CHICO VENTANA TAMBÉM QUERIA TER UM SUBMARINO,B2000433100000,21/10/2020,DEFERIDO,MINORITÁRIA,ACORDO LATINO-AMERICANO DE COPRODUÇÃO CINEMATOGRÁFICA
CHUVA É CANTORIA NA ALDEIA DOS MORTOS,B1800515000000,30/10/2018,DEFERIDO,MAJORITÁRIA,
CIDADE DE PLÁSTICO,B1001133500000,07/01/2010,DEFERIDO,MAJORITÁRIA,
CIDADE PÁSSARO,B1900583200000,27/11/2019,DEFERIDO,MAJORITÁRIA,ACORDO DE COPRODUÇÃO CINEMATOGRÁFICA ENTRE O GOVERNO DA REPÚBLICA FEDERATIVA DO BRASIL E O GOVERNO DA REPÚBLICA FRANCESA
CINCO DA TARDE,B2400144100000,10/04/2024,DEFERIDO,MAJORITÁRIA,ACORDO DE COPRODUÇÃO CINEMATOGRÁFICA ENTRE OS GOVERNOS DA REPÚBLICA FEDERATIVA DO BRASIL E DA REPÚBLICA PORTUGUESA
CINZENTO E NEGRO,B1600340900000,16/05/2016,DEFERIDO,MINORITÁRIA,ACORDO DE COPRODUÇÃO CINEMATOGRÁFICA ENTRE OS GOVERNOS DA REPÚBLICA FEDERATIVA DO BRASIL E DA REPÚBLICA PORTUGUESA
COMBOIO DE SAL E AÇÚCAR,B1700249500000,19/05/2017,DEFERIDO,MINORITÁRIA,ACORDO DE COPRODUÇÃO CINEMATOGRÁFICA ENTRE OS GOVERNOS DA REPÚBLICA FEDERATIVA DO BRASIL E DA REPÚBLICA PORTUGUESA
CONTACTADO,B2000151700000,15/04/2020,DEFERIDO,MINORITÁRIA,ACORDO LATINO-AMERICANO DE COPRODUÇÃO CINEMATOGRÁFICA
CONTINENTE,B2400330900000,21/08/2024,DEFERIDO,MAJORITÁRIA,ACORDO LATINO-AMERICANO DE COPRODUÇÃO CINEMATOGRÁFICA
CORA,B1900148000000,27/03/2019,DEFERIDO,MAJORITÁRIA,
CORAÇÃO DE LEÃO,B1302055400000,19/12/2013,DEFERIDO,MINORITÁRIA,ACORDO LATINO-AMERICANO DE COPRODUÇÃO CINEMATOGRÁFICA
CUPCAKE AND DINOSAUR 2ª TEMPORADA,B1900157500000,03/04/2019,DEFERIDO,MINORITÁRIA,ACORDO DE COPRODUÇÃO AUDIOVISUAL ENTRE O GOVERNO DA REPÚBLICA FEDERATIVA DO BRASIL E O GOVERNO DO CANADÁ
CUPCAKE E DINOSSAURO 1ª TEMPORADA,B1800437500000,17/09/2018,DEFERIDO,MINORITÁRIA,ACORDO DE COPRODUÇÃO AUDIOVISUAL ENTRE O GOVERNO DA REPÚBLICA FEDERATIVA DO BRASIL E O GOVERNO DO CANADÁ
CÂMERA SELVAGEM - COM CRISTIAN DIMITRIUS,B1600421700000,30/06/2016,DEFERIDO,MAJORITÁRIA,
"CÉU DE SUELY, O",B0600587200000,22/09/2006,DEFERIDO,MAJORITÁRIA,ACORDO DE COPRODUÇÃO CINEMATOGRÁFICA BRASIL-ALEMANHA
DALIA E O LIVRO VERMELHO,B2400354600000,10/09/2024,DEFERIDO,MINORITÁRIA,ACORDO LATINO-AMERICANO DE COPRODUÇÃO CINEMATOGRÁFICA
DAWSON ISLA 10,B1001303400000,23/09/2010,DEFERIDO,MINORITÁRIA,AJUSTE COMPLEMENTAR ENTRE O GOVERNO DA REPÚBLICA FEDERATIVA DO BRASIL E O GOVERNO DA REPÚBLICA DO CHILE NO ÂMBITO DA COOPERAÇÃO E DA COPRODUÇÃO CINEMATOGRÁFICA
DE PASSAGEM,B0300040300000,13/05/2005,DEFERIDO,IGUALITÁRIA,
DE VEZ EM QUANDO EU ARDO,B2100371200000,01/09/2021,DEFERIDO,IGUALITÁRIA,
DE VOLTA AO MARACANÃ,B1800422000000,11/09/2018,DEFERIDO,MINORITÁRIA,
DESCALÇO SOBRE A TERRA VERMELHA,B1402284400000,01/09/2014,DEFERIDO,MINORITÁRIA,ACORDO LATINO-AMERICANO DE COPRODUÇÃO CINEMATOGRÁFICA
DESCONTROLADOS,B1402707500000,19/11/2014,DEFERIDO,MINORITÁRIA,ACORDO LATINO-AMERICANO DE COPRODUÇÃO CINEMATOGRÁFICA
DESERTO PARTICULAR,B2100408300000,21/09/2021,DEFERIDO,MAJORITÁRIA,ACORDO DE COPRODUÇÃO CINEMATOGRÁFICA ENTRE OS GOVERNOS DA REPÚBLICA FEDERATIVA DO BRASIL E DA REPÚBLICA PORTUGUESA
DESMUNDO,B0200001300000,09/09/2005,DEFERIDO,IGUALITÁRIA,ACORDO DE COPRODUÇÃO CINEMATOGRÁFICA ENTRE OS GOVERNOS DA REPÚBLICA FEDERATIVA DO BRASIL E DA REPÚBLICA PORTUGUESA
DESTERRO,B1900545200000,01/11/2019,DEFERIDO,MAJORITÁRIA,ACORDO DE COPRODUÇÃO CINEMATOGRÁFICA ENTRE O GOVERNO DA REPÚBLICA FEDERATIVA DO BRASIL E O GOVERNO DA REPÚBLICA ARGENTINA
"DIABO A QUATRO, O",B0400129500000,13/06/2005,DEFERIDO,MAJORITÁRIA,ACORDO DE COPRODUÇÃO CINEMATOGRÁFICA ENTRE O GOVERNO DA REPÚBLICA FEDERATIVA DO BRASIL E O GOVERNO DA REPÚBLICA FRANCESA
DIAMANTINO,B1800445100000,20/09/2018,DEFERIDO,MINORITÁRIA,ACORDO DE COPRODUÇÃO CINEMATOGRÁFICA ENTRE OS GOVERNOS DA REPÚBLICA FEDERATIVA DO BRASIL E DA REPÚBLICA PORTUGUESA
DIOS ME LIBRE,B1201585800000,27/04/2012,DEFERIDO,MINORITÁRIA,AJUSTE COMPLEMENTAR ENTRE O GOVERNO DA REPÚBLICA FEDERATIVA DO BRASIL E O GOVERNO DA REPÚBLICA DO CHILE NO ÂMBITO DA COOPERAÇÃO E DA COPRODUÇÃO CINEMATOGRÁFICA
DIVINO AMOR,B1900232700000,16/05/2019,DEFERIDO,MAJORITÁRIA,ACORDO LATINO-AMERICANO DE COPRODUÇÃO CINEMATOGRÁFICA
DIVÃ A 2,B1500335800000,28/04/2015,DEFERIDO,MAJORITÁRIA,ACORDO DE COPRODUÇÃO CINEMATOGRÁFICA ENTRE O GOVERNO DA REPÚBLICA FEDERATIVA DO BRASIL E O GOVERNO DA REPÚBLICA ARGENTINA
DIZER ADEUS,B2400117600000,19/03/2024,DEFERIDO,MINORITÁRIA,ACORDO LATINO-AMERICANO DE COPRODUÇÃO CINEMATOGRÁFICA
DIÁRIO DE UM NOVO MUNDO,B0500294600000,05/07/2005,DEFERIDO,MINORITÁRIA,ACORDO LATINO-AMERICANO DE COPRODUÇÃO CINEMATOGRÁFICA
DIÁRIO DE UMA BUSCA,B1101413800000,29/04/2011,DEFERIDO,MINORITÁRIA,ACORDO DE COPRODUÇÃO CINEMATOGRÁFICA ENTRE O GOVERNO DA REPÚBLICA FEDERATIVA DO BRASIL E O GOVERNO DA REPÚBLICA FRANCESA
DJON ÁFRICA,B1800422100000,11/09/2018,DEFERIDO,MINORITÁRIA,ACORDO DE COPRODUÇÃO CINEMATOGRÁFICA ENTRE OS GOVERNOS DA REPÚBLICA FEDERATIVA DO BRASIL E DA REPÚBLICA PORTUGUESA
DO AMOR NINGUEM FOGE,B2200311400000,19/08/2022,DEFERIDO,MAJORITÁRIA,
DOIDAS E SANTAS,B1500812200000,03/11/2015,DEFERIDO,MAJORITÁRIA,ACORDO LATINO-AMERICANO DE COPRODUÇÃO CINEMATOGRÁFICA
DOIS PERDIDOS NUMA NOITE SUJA,B0400145800000,12/08/2005,DEFERIDO,IGUALITÁRIA,
"DOLORES - UMA MULHER, DOIS AMORES",B1700045100000,27/01/2017,DEFERIDO,MINORITÁRIA,ACORDO LATINO-AMERICANO DE COPRODUÇÃO CINEMATOGRÁFICA
DOMINGO,B1800502000000,23/10/2018,DEFERIDO,MAJORITÁRIA,ACORDO DE COPRODUÇÃO CINEMATOGRÁFICA ENTRE O GOVERNO DA REPÚBLICA FEDERATIVA DO BRASIL E O GOVERNO DA REPÚBLICA FRANCESA
DORES & AMORES,B2100413100000,24/09/2021,DEFERIDO,MAJORITÁRIA,ACORDO DE COPRODUÇÃO CINEMATOGRÁFICA ENTRE OS GOVERNOS DA REPÚBLICA FEDERATIVA DO BRASIL E DA REPÚBLICA PORTUGUESA
DORMIR DE OLHOS ABERTOS,B2400318700000,09/08/2024,DEFERIDO,MINORITÁRIA,ACORDO LATINO-AMERICANO DE COPRODUÇÃO CINEMATOGRÁFICA
DOT.COM,B0700752700000,27/08/2007,DEFERIDO,MINORITÁRIA,ACORDO DE COPRODUÇÃO CINEMATOGRÁFICA ENTRE OS GOVERNOS DA REPÚBLICA FEDERATIVA DO BRASIL E DA REPÚBLICA PORTUGUESA
DUAS MULHERES,B1001192900000,30/04/2010,DEFERIDO,MINORITÁRIA,ACORDO DE COPRODUÇÃO CINEMATOGRÁFICA ENTRE OS GOVERNOS DA REPÚBLICA FEDERATIVA DO BRASIL E DA REPÚBLICA PORTUGUESA
DUELO DE MÃES,B1600690300000,18/10/2016,DEFERIDO,MAJORITÁRIA,
DUELO DE MÃES - 2ª TEMPORADA,B1700110400000,09/03/2017,DEFERIDO,MAJORITÁRIA,
EL (IM)POSIBLE OLVIDO,B1700146800000,28/03/2017,DEFERIDO,MINORITÁRIA,ACORDO LATINO-AMERICANO DE COPRODUÇÃO CINEMATOGRÁFICA
EL ARDOR,B1402130700000,18/03/2014,DEFERIDO,MINORITÁRIA,ACORDO LATINO-AMERICANO DE COPRODUÇÃO CINEMATOGRÁFICA
EL AUGE DEL HUMANO 3,B2400244500000,14/06/2024,DEFERIDO,MINORITÁRIA,ACORDO LATINO-AMERICANO DE COPRODUÇÃO CINEMATOGRÁFICA
EL EMPLEADO Y EL PATRÓN,B2100271900000,30/06/2021,DEFERIDO,MINORITÁRIA,ACORDO LATINO-AMERICANO DE COPRODUÇÃO CINEMATOGRÁFICA
EL PADRE DE GARDEL,B1402237500000,17/07/2014,DEFERIDO,MINORITÁRIA,ACORDO LATINO-AMERICANO DE COPRODUÇÃO CINEMATOGRÁFICA
ELE NÃO SABIA HISTÓRIAS,B2300316900000,02/08/2023,DEFERIDO,MINORITÁRIA,ACORDO DE COPRODUÇÃO CINEMATOGRÁFICA ENTRE O GOVERNO DA REPÚBLICA FEDERATIVA DO BRASIL E O GOVERNO DA REPÚBLICA ARGENTINA
EMBARGO,B1101365800000,17/02/2011,DEFERIDO,MINORITÁRIA,ACORDO DE COPRODUÇÃO CINEMATOGRÁFICA ENTRE OS GOVERNOS DA REPÚBLICA FEDERATIVA DO BRASIL E DA REPÚBLICA PORTUGUESA
ENSAIO SOBRE A CEGUEIRA,B0800867500000,12/05/2008,DEFERIDO,MINORITÁRIA,ACORDO DE COPRODUÇÃO AUDIOVISUAL ENTRE O GOVERNO DA REPÚBLICA FEDERATIVA DO BRASIL E O GOVERNO DO CANADÁ
"ENTRE NÓS, UM SEGREDO",B2000436900000,22/10/2020,DEFERIDO,MAJORITÁRIA,
ENTRE OS DEDOS,B0800956800000,02/12/2008,DEFERIDO,MINORITÁRIA,ACORDO DE COPRODUÇÃO CINEMATOGRÁFICA ENTRE OS GOVERNOS DA REPÚBLICA FEDERATIVA DO BRASIL E DA REPÚBLICA PORTUGUESA
ENTRE VALES,B1301935400000,26/08/2013,DEFERIDO,MAJORITÁRIA,ACORDO LATINO-AMERICANO DE COPRODUÇÃO CINEMATOGRÁFICA
ERA O HOTEL CAMBRIDGE,B1600690600000,18/10/2016,DEFERIDO,MAJORITÁRIA,ACORDO DE COPRODUÇÃO CINEMATOGRÁFICA ENTRE O GOVERNO DA REPÚBLICA FEDERATIVA DO BRASIL E O GOVERNO DA REPÚBLICA FRANCESA
"ERNESTO, O EXTERMINADOR DE SERES MONSTRUOSOS E OUTRAS PORCARIAS",B1600477000000,25/07/2016,DEFERIDO,MAJORITÁRIA,ACORDO LATINO-AMERICANO DE COPRODUÇÃO CINEMATOGRÁFICA
ESCOLA PRA CACHORRO,B0901027800000,04/06/2009,DEFERIDO,MAJORITÁRIA,ACORDO DE COPRODUÇÃO AUDIOVISUAL ENTRE O GOVERNO DA REPÚBLICA FEDERATIVA DO BRASIL E O GOVERNO DO CANADÁ
ESCOLA PRA CACHORRO 2ª TEMPORADA,B1201554500000,08/02/2012,DEFERIDO,MAJORITÁRIA,ACORDO DE COPRODUÇÃO AUDIOVISUAL ENTRE O GOVERNO DA REPÚBLICA FEDERATIVA DO BRASIL E O GOVERNO DO CANADÁ
ESCRITA ÍNTIMA,B2100241700000,09/06/2021,DEFERIDO,MINORITÁRIA,ACORDO DE COPRODUÇÃO CINEMATOGRÁFICA ENTRE OS GOVERNOS DA REPÚBLICA FEDERATIVA DO BRASIL E DA REPÚBLICA PORTUGUESA
ESE FIN DE SEMANA,B2100452800000,18/10/2021,DEFERIDO,MINORITÁRIA,ACORDO LATINO-AMERICANO DE COPRODUÇÃO CINEMATOGRÁFICA
ESTEROS,B1700243800000,18/05/2017,DEFERIDO,MINORITÁRIA,ACORDO LATINO-AMERICANO DE COPRODUÇÃO CINEMATOGRÁFICA
ESTIVE EM LISBOA E LEMBREI DE VOCÊ,B1500865900000,23/11/2015,DEFERIDO,MAJORITÁRIA,ACORDO DE COPRODUÇÃO CINEMATOGRÁFICA ENTRE OS GOVERNOS DA REPÚBLICA FEDERATIVA DO BRASIL E DA REPÚBLICA PORTUGUESA
ESTÔMAGO,B0700777200000,08/10/2007,DEFERIDO,IGUALITÁRIA,
ESTÔMAGO 2 - O PODEROSO CHEF,B2400045400000,31/01/2024,DEFERIDO,MINORITÁRIA,ACORDO DE COPRODUÇÃO CINEMATOGRÁFICA ENTRE O GOVERNO DA REPÚBLICA FEDERATIVA DO BRASIL E O GOVERNO DA REPÚBLICA ITALIANA E TROCA DE NOTAS
EU,B2300173600000,03/05/2023,DEFERIDO,MAJORITÁRIA,
EXILADOS,B1301890900000,18/07/2013,DEFERIDO,MINORITÁRIA,ACORDO LATINO-AMERICANO DE COPRODUÇÃO CINEMATOGRÁFICA
EXODUS - DE ONDE VIM NÃO EXISTE MAIS,B1700123200000,16/03/2017,DEFERIDO,MAJORITÁRIA,ACORDO DE COPRODUÇÃO CINEMATOGRÁFICA BRASIL-ALEMANHA
"EXPLODE SÃO PAULO, GIL",B2400354500000,10/09/2024,DEFERIDO,MAJORITÁRIA,
EXTINÇÕES,B1101462800000,20/07/2011,DEFERIDO,MINORITÁRIA,
FALSA LOURA,B0800840400000,20/03/2008,DEFERIDO,MAJORITÁRIA,ACORDO LATINO-AMERICANO DE COPRODUÇÃO CINEMATOGRÁFICA
FAMILIA ANIMAL,B2300214800000,07/06/2023,DEFERIDO,MAJORITÁRIA,ACORDO DE COPRODUÇÃO CINEMATOGRÁFICA BRASIL-ALEMANHA
FANTASMA,B2300174400000,03/05/2023,DEFERIDO,MINORITÁRIA,AJUSTE COMPLEMENTAR ENTRE O GOVERNO DA REPÚBLICA FEDERATIVA DO BRASIL E O GOVERNO DA REPÚBLICA DO CHILE NO ÂMBITO DA COOPERAÇÃO E DA COPRODUÇÃO CINEMATOGRÁFICA
FATTORUSO,B1700272300000,05/06/2017,DEFERIDO,MINORITÁRIA,ACORDO LATINO-AMERICANO DE COPRODUÇÃO CINEMATOGRÁFICA
FAVELA BOLADA (FAVELA ON BLAST),B0901056000000,21/07/2009,DEFERIDO,IGUALITÁRIA,
FEDERAL,B0800966100000,23/12/2008,DEFERIDO,IGUALITÁRIA,ACORDO LATINO-AMERICANO DE COPRODUÇÃO CINEMATOGRÁFICA
FELINOS EM PRETO E BRANCO,B2400005000000,08/01/2024,DEFERIDO,MAJORITÁRIA,ACORDO DE COPRODUÇÃO CINEMATOGRÁFICA ENTRE O GOVERNO DA REPÚBLICA FEDERATIVA DO BRASIL E O GOVERNO DA REPÚBLICA FRANCESA
FENDAS,B1900363300000,02/08/2019,DEFERIDO,MAJORITÁRIA,
FIEBRE,B2300552400000,08/12/2023,DEFERIDO,MINORITÁRIA,AJUSTE COMPLEMENTAR ENTRE O GOVERNO DA REPÚBLICA FEDERATIVA DO BRASIL E O GOVERNO DA REPÚBLICA DO CHILE NO ÂMBITO DA COOPERAÇÃO E DA COPRODUÇÃO CINEMATOGRÁFICA
FILHOS DA PISTA,B2400244700000,14/06/2024,DEFERIDO,MINORITÁRIA,ACORDO LATINO-AMERICANO DE COPRODUÇÃO CINEMATOGRÁFICA
FILHOS DE BACH,B1700052000000,02/02/2017,DEFERIDO,MINORITÁRIA,ACORDO DE COPRODUÇÃO CINEMATOGRÁFICA BRASIL-ALEMANHA
FOGARÉU,B2300051700000,09/02/2023,DEFERIDO,MAJORITÁRIA,
FUNK FAVELA,B2300501200000,09/11/2023,DEFERIDO,MAJORITÁRIA,ACORDO DE COPRODUÇÃO AUDIOVISUAL ENTRE O GOVERNO DA REPÚBLICA FEDERATIVA DO BRASIL E O GOVERNO DO CANADÁ
FUTURO JUNHO,B1500699400000,15/09/2015,DEFERIDO,IGUALITÁRIA,
FÁTIMA E A ÁFRICA,B1500135100000,11/02/2015,DEFERIDO,MINORITÁRIA,
GABRIEL E A MONTANHA,B1700305400000,20/06/2017,DEFERIDO,MAJORITÁRIA,ACORDO DE COPRODUÇÃO CINEMATOGRÁFICA ENTRE O GOVERNO DA REPÚBLICA FEDERATIVA DO BRASIL E O GOVERNO DA REPÚBLICA FRANCESA
GAFAS AMARILLAS,B2000297100000,18/07/2020,DEFERIDO,MINORITÁRIA,ACORDO LATINO-AMERICANO DE COPRODUÇÃO CINEMATOGRÁFICA
GARCIA,B1101355900000,25/01/2011,DEFERIDO,MINORITÁRIA,ACORDO LATINO-AMERICANO DE COPRODUÇÃO CINEMATOGRÁFICA
"GARRINCHA, ESTRELA SOLITÁRIA",B0300046600000,25/11/2003,DEFERIDO,IGUALITÁRIA,ACORDO LATINO-AMERICANO DE COPRODUÇÃO CINEMATOGRÁFICA
GEORGE HILTON - O MUNDO É DOS AUDAZES,B1900288900000,19/06/2019,DEFERIDO,MAJORITÁRIA,
GERMINO PÉTALAS NO ASFALTO,B2200043800000,31/01/2022,DEFERIDO,MAJORITÁRIA,
GETÚLIO,B1402159100000,16/04/2014,DEFERIDO,MAJORITÁRIA,ACORDO DE COPRODUÇÃO CINEMATOGRÁFICA ENTRE OS GOVERNOS DA REPÚBLICA FEDERATIVA DO BRASIL E DA REPÚBLICA PORTUGUESA
GIRIMUNHO,B1201558400000,15/02/2012,DEFERIDO,MAJORITÁRIA,
GREICE,B2400164900000,19/04/2024,DEFERIDO,MAJORITÁRIA,ACORDO DE COPRODUÇÃO CINEMATOGRÁFICA ENTRE OS GOVERNOS DA REPÚBLICA FEDERATIVA DO BRASIL E DA REPÚBLICA PORTUGUESA
GRINGOS DO RIO (RIO SEX COMEDY),B1201590700000,07/05/2012,DEFERIDO,MINORITÁRIA,ACORDO DE COPRODUÇÃO CINEMATOGRÁFICA ENTRE O GOVERNO DA REPÚBLICA FEDERATIVA DO BRASIL E O GOVERNO DA REPÚBLICA FRANCESA
GUARDIÕES DO SAMBA,B1500133400000,11/02/2015,DEFERIDO,MAJORITÁRIA,
"HABI, LA EXTRANJERA",B1301945700000,05/09/2013,DEFERIDO,MINORITÁRIA,ACORDO LATINO-AMERICANO DE COPRODUÇÃO CINEMATOGRÁFICA
HANS STADEN,B0600561200000,02/08/2006,DEFERIDO,MAJORITÁRIA,ACORDO DE COPRODUÇÃO CINEMATOGRÁFICA ENTRE OS GOVERNOS DA REPÚBLICA FEDERATIVA DO BRASIL E DA REPÚBLICA PORTUGUESA
HAPPY HOUR,B1700571300000,24/11/2017,DEFERIDO,MAJORITÁRIA,ACORDO LATINO-AMERICANO DE COPRODUÇÃO CINEMATOGRÁFICA
HAYDEE E O PEIXE VOADOR,B1900216400000,08/05/2019,DEFERIDO,MINORITÁRIA,AJUSTE COMPLEMENTAR ENTRE O GOVERNO DA REPÚBLICA FEDERATIVA DO BRASIL E O GOVERNO DA REPÚBLICA DO CHILE NO ÂMBITO DA COOPERAÇÃO E DA COPRODUÇÃO CINEMATOGRÁFICA
HIDRO E FLUÍDO - SEGUNDA TEMPORADA,B2400098500000,07/03/2024,DEFERIDO,IGUALITÁRIA,
HIDRO E FLUÍDO - TERCEIRA TEMPORADA,B2400042200000,29/01/2024,DEFERIDO,IGUALITÁRIA,
HISTÓRIA EM CAMPO,B2200404000000,25/10/2022,DEFERIDO,MAJORITÁRIA,
HISTÓRIAS DE ALICE,B1301956300000,16/09/2013,DEFERIDO,MAJORITÁRIA,ACORDO LATINO-AMERICANO DE COPRODUÇÃO CINEMATOGRÁFICA
HISTÓRIAS DE AMOR DURAM APENAS 90 MINUTOS (SPLEEN),B0901099200000,19/10/2009,DEFERIDO,MAJORITÁRIA,
HOMENS DE BARRO,B2300209300000,01/06/2023,DEFERIDO,MAJORITÁRIA,ACORDO LATINO-AMERICANO DE COPRODUÇÃO CINEMATOGRÁFICA
HUGO E SERENA,B2300327600000,07/08/2023,DEFERIDO,IGUALITÁRIA,ACORDO DE COPRODUÇÃO CINEMATOGRÁFICA ENTRE O GOVERNO DA REPÚBLICA FEDERATIVA DO BRASIL E O GOVERNO DA REPÚBLICA ARGENTINA
"HÍBRIDOS, OS ESPÍRITOS DO BRASIL",B1700374300000,31/07/2017,DEFERIDO,MAJORITÁRIA,
IDENTIDADE,B2400365900000,16/09/2024,DEFERIDO,MAJORITÁRIA,
ILHA DOS ESCRAVOS,B1101366100000,18/02/2011,DEFERIDO,MINORITÁRIA,ACORDO DE COPRODUÇÃO CINEMATOGRÁFICA ENTRE OS GOVERNOS DA REPÚBLICA FEDERATIVA DO BRASIL E DA REPÚBLICA PORTUGUESA
INDEPENDÊNCIA 100 POR 100,B2300425700000,28/09/2023,DEFERIDO,MAJORITÁRIA,
INFÂNCIA CLANDESTINA,B1201674600000,22/10/2012,DEFERIDO,MINORITÁRIA,ACORDO LATINO-AMERICANO DE COPRODUÇÃO CINEMATOGRÁFICA
INVISÍVEL,B1700381100000,03/08/2017,DEFERIDO,MINORITÁRIA,ACORDO LATINO-AMERICANO DE COPRODUÇÃO CINEMATOGRÁFICA
JEAN CHARLES,B0901020100000,14/05/2009,DEFERIDO,MINORITÁRIA,
JOAQUIM,B1700092500000,02/03/2017,DEFERIDO,MAJORITÁRIA,ACORDO DE COPRODUÇÃO CINEMATOGRÁFICA ENTRE OS GOVERNOS DA REPÚBLICA FEDERATIVA DO BRASIL E DA REPÚBLICA PORTUGUESA
JOSÉ E PILAR,B1001318000000,27/10/2010,DEFERIDO,MINORITÁRIA,ACORDO DE COPRODUÇÃO CINEMATOGRÁFICA ENTRE OS GOVERNOS DA REPÚBLICA FEDERATIVA DO BRASIL E DA REPÚBLICA PORTUGUESA
JOÃO E VANDINHA,B1500616000000,11/08/2015,DEFERIDO,MINORITÁRIA,ACORDO DE COPRODUÇÃO CINEMATOGRÁFICA ENTRE O GOVERNO DA REPÚBLICA FEDERATIVA DO BRASIL E O GOVERNO DA REPÚBLICA ITALIANA E TROCA DE NOTAS
JOÃO SEM DEUS - A QUEDA DE ABADIÂNIA,B2300431700000,02/10/2023,DEFERIDO,MAJORITÁRIA,ACORDO DE COPRODUÇÃO CINEMATOGRÁFICA ENTRE OS GOVERNOS DA REPÚBLICA FEDERATIVA DO BRASIL E DA REPÚBLICA PORTUGUESA
JUAN E A BAILARINA,B1301731400000,04/02/2013,DEFERIDO,MINORITÁRIA,
JUSTIÇA,B0400085500000,12/05/2004,DEFERIDO,MINORITÁRIA,
LA CAMA,B1800374500000,13/08/2018,DEFERIDO,MINORITÁRIA,ACORDO LATINO-AMERICANO DE COPRODUÇÃO CINEMATOGRÁFICA
LA ERECCIÓN DE TORIBIO BARDELLI,B2400100400000,08/03/2024,DEFERIDO,MINORITÁRIA,ACORDO LATINO-AMERICANO DE COPRODUÇÃO CINEMATOGRÁFICA
LA ESTRATÉGIA DEL MERO,B2300315200000,01/08/2023,DEFERIDO,MINORITÁRIA,ACORDO LATINO-AMERICANO DE COPRODUÇÃO CINEMATOGRÁFICA
LA OTRA FORMA,B2300491600000,03/11/2023,DEFERIDO,MINORITÁRIA,ACORDO LATINO-AMERICANO DE COPRODUÇÃO CINEMATOGRÁFICA
LA PARLE,B2100501800000,22/11/2021,DEFERIDO,MINORITÁRIA,
LA PLAYA D.C,B1301810400000,20/05/2013,DEFERIDO,MINORITÁRIA,ACORDO LATINO-AMERICANO DE COPRODUÇÃO CINEMATOGRÁFICA
LA TEORIA DE LOS VIDRIOS ROTOS,B2100277700000,05/07/2021,DEFERIDO,MINORITÁRIA,ACORDO LATINO-AMERICANO DE COPRODUÇÃO CINEMATOGRÁFICA
LA VINGANÇA,B1700077100000,16/02/2017,DEFERIDO,MAJORITÁRIA,
LAMAÇAL,B2100075500000,24/02/2021,DEFERIDO,MINORITÁRIA,ACORDO LATINO-AMERICANO DE COPRODUÇÃO CINEMATOGRÁFICA
LAS INESES,B1700028400000,17/01/2017,DEFERIDO,MINORITÁRIA,ACORDO LATINO-AMERICANO DE COPRODUÇÃO CINEMATOGRÁFICA
LAS PREÑADAS,B2300268500000,04/07/2023,DEFERIDO,MINORITÁRIA,ACORDO LATINO-AMERICANO DE COPRODUÇÃO CINEMATOGRÁFICA
LAS VACACIONES DE HILDA,B2200208200000,30/05/2022,DEFERIDO,MINORITÁRIA,ACORDO LATINO-AMERICANO DE COPRODUÇÃO CINEMATOGRÁFICA
LENITA,B2300513000000,14/11/2023,DEFERIDO,MAJORITÁRIA,
LEVANTE,B2300535000000,01/12/2023,DEFERIDO,MAJORITÁRIA,ACORDO LATINO-AMERICANO DE COPRODUÇÃO CINEMATOGRÁFICA
LIBERDADE É UMA GRANDE PALAVRA,B1900036000000,24/01/2019,DEFERIDO,MINORITÁRIA,ACORDO LATINO-AMERICANO DE COPRODUÇÃO CINEMATOGRÁFICA
LILITH'S AWAKENING,B1600656200000,30/09/2016,DEFERIDO,MAJORITÁRIA,
LIXO EXTRAORDINÁRIO,B1001276700000,11/08/2010,DEFERIDO,MINORITÁRIA,
LO QUE QUEDA EN EL CAMINO,B2200307000000,15/08/2022,DEFERIDO,MINORITÁRIA,
LOPE,B1001321100000,05/11/2010,DEFERIDO,MINORITÁRIA,ACORDO LATINO-AMERICANO DE COPRODUÇÃO CINEMATOGRÁFICA
LORA,B2000327300000,11/08/2020,DEFERIDO,MAJORITÁRIA,
LOS DELINCUENTES,B2300373000000,30/08/2023,DEFERIDO,MINORITÁRIA,ACORDO LATINO-AMERICANO DE COPRODUÇÃO CINEMATOGRÁFICA
LOS LEONES,B1600773500000,12/12/2016,DEFERIDO,MINORITÁRIA,
LOS SILENCIOS,B1800445500000,21/09/2018,DEFERIDO,MAJORITÁRIA,ACORDO DE COPRODUÇÃO CINEMATOGRÁFICA ENTRE O GOVERNO DA REPÚBLICA FEDERATIVA DO BRASIL E O GOVERNO DA REPÚBLICA FRANCESA
LOS TERRITORIOS,B1700605800000,12/12/2017,DEFERIDO,MINORITÁRIA,ACORDO LATINO-AMERICANO DE COPRODUÇÃO CINEMATOGRÁFICA
LUA EM SAGITÁRIO,B1600564300000,31/08/2016,DEFERIDO,MAJORITÁRIA,ACORDO DE COPRODUÇÃO CINEMATOGRÁFICA ENTRE O GOVERNO DA REPÚBLICA FEDERATIVA DO BRASIL E O GOVERNO DA REPÚBLICA ARGENTINA
LÍNGUA - VIDAS EM PORTUGUÊS,B0400098900000,24/08/2004,DEFERIDO,IGUALITÁRIA,
MAPUTO NAKUZANDZA,B2400413300000,17/10/2024,DEFERIDO,MAJORITÁRIA,
MARACANÃ - TEMPLO DAS EMOÇÕES,B1500289000000,13/04/2015,DEFERIDO,MINORITÁRIA,ACORDO DE COPRODUÇÃO CINEMATOGRÁFICA BRASIL-ALEMANHA
MARACANÃ - TEMPLO DAS EMOÇÕES,B1402208400000,16/06/2014,DEFERIDO,MINORITÁRIA,ACORDO DE COPRODUÇÃO CINEMATOGRÁFICA BRASIL-ALEMANHA
MARACANÃ O FILME,B1402206500000,12/06/2014,DEFERIDO,MINORITÁRIA,ACORDO LATINO-AMERICANO DE COPRODUÇÃO CINEMATOGRÁFICA
MARAVILHAS DA NATUREZA,B2400042000000,29/01/2024,DEFERIDO,MAJORITÁRIA,ACORDO DE COPRODUÇÃO CINEMATOGRÁFICA ENTRE O GOVERNO DA REPÚBLICA FEDERATIVA DO BRASIL E O GOVERNO DA REPÚBLICA FRANCESA
"MARÉ, NOSSA HISTÓRIA DE AMOR",B0700761400000,14/09/2007,DEFERIDO,MAJORITÁRIA,
MATA,B2100217200000,24/05/2021,DEFERIDO,MAJORITÁRIA,
MATA ATLÂNTICA,B1700348500000,14/07/2017,DEFERIDO,IGUALITÁRIA,
MATA SELVAGEM,B2300364800000,25/08/2023,DEFERIDO,MINORITÁRIA,ACORDO LATINO-AMERICANO DE COPRODUÇÃO CINEMATOGRÁFICA
MATAR A LA BESTIA,B2100266400000,24/06/2021,DEFERIDO,MINORITÁRIA,ACORDO LATINO-AMERICANO DE COPRODUÇÃO CINEMATOGRÁFICA
MATE-ME POR FAVOR,B1500651700000,27/08/2015,DEFERIDO,MAJORITÁRIA,ACORDO LATINO-AMERICANO DE COPRODUÇÃO CINEMATOGRÁFICA
MATEÍNA,B2100119800000,19/03/2021,DEFERIDO,MINORITÁRIA,ACORDO LATINO-AMERICANO DE COPRODUÇÃO CINEMATOGRÁFICA
MATO SECO EM CHAMAS,B2000076800000,28/02/2020,DEFERIDO,MAJORITÁRIA,
MEMÓRIA CUBANA,B1101435300000,31/05/2011,DEFERIDO,MINORITÁRIA,
MEU AMIGÃOZÃO,B1001317400000,26/10/2010,DEFERIDO,IGUALITÁRIA,ACORDO DE COPRODUÇÃO AUDIOVISUAL ENTRE O GOVERNO DA REPÚBLICA FEDERATIVA DO BRASIL E O GOVERNO DO CANADÁ
MEU AMIGÃOZÃO - SEGUNDA TEMPORADA,B1402236600000,16/07/2014,DEFERIDO,IGUALITÁRIA,ACORDO DE COPRODUÇÃO AUDIOVISUAL ENTRE O GOVERNO DA REPÚBLICA FEDERATIVA DO BRASIL E O GOVERNO DO CANADÁ
MEU MUNDIAL,B1700479800000,02/10/2017,DEFERIDO,MINORITÁRIA,ACORDO LATINO-AMERICANO DE COPRODUÇÃO CINEMATOGRÁFICA
MEU QUERIDO SUPERMERCADO,B2000227100000,08/06/2020,DEFERIDO,MAJORITÁRIA,
MISTER H,B1500532500000,06/07/2015,DEFERIDO,IGUALITÁRIA,
MIÚCHA A VOZ DA BOSSA NOVA,B2200361200000,23/09/2022,DEFERIDO,MAJORITÁRIA,
MOACIR,B1700465300000,20/09/2017,DEFERIDO,MINORITÁRIA,ACORDO LATINO-AMERICANO DE COPRODUÇÃO CINEMATOGRÁFICA
MORRO DOS PRAZERES,B1301873000000,04/07/2013,DEFERIDO,IGUALITÁRIA,
MOSQUITO,B2100393900000,14/09/2021,DEFERIDO,MINORITÁRIA,ACORDO DE COPRODUÇÃO CINEMATOGRÁFICA ENTRE OS GOVERNOS DA REPÚBLICA FEDERATIVA DO BRASIL E DA REPÚBLICA PORTUGUESA
MOTEL DESTINO,B2400293500000,24/07/2024,DEFERIDO,MAJORITÁRIA,ACORDO DE COPRODUÇÃO CINEMATOGRÁFICA ENTRE O GOVERNO DA REPÚBLICA FEDERATIVA DO BRASIL E O GOVERNO DA REPÚBLICA FRANCESA
MULHER AZUL,B1101442100000,17/06/2011,DEFERIDO,IGUALITÁRIA,
MULHER DO PAI,B1600420900000,30/06/2016,DEFERIDO,MAJORITÁRIA,ACORDO LATINO-AMERICANO DE COPRODUÇÃO CINEMATOGRÁFICA
MULHERES DO BRASIL,B0600459900000,25/01/2006,DEFERIDO,MAJORITÁRIA,ACORDO LATINO-AMERICANO DE COPRODUÇÃO CINEMATOGRÁFICA
MUNDIALITO,B1201591100000,08/05/2012,DEFERIDO,MINORITÁRIA,ACORDO LATINO-AMERICANO DE COPRODUÇÃO CINEMATOGRÁFICA
MUTUM,B0700721300000,17/07/2007,DEFERIDO,IGUALITÁRIA,ACORDO DE COPRODUÇÃO CINEMATOGRÁFICA ENTRE O GOVERNO DA REPÚBLICA FEDERATIVA DO BRASIL E O GOVERNO DA REPÚBLICA FRANCESA
NA ESTRADA - ON THE ROAD,B1201571900000,23/03/2012,DEFERIDO,MINORITÁRIA,ACORDO DE COPRODUÇÃO CINEMATOGRÁFICA ENTRE O GOVERNO DA REPÚBLICA FEDERATIVA DO BRASIL E O GOVERNO DA REPÚBLICA FRANCESA
NAHUEL E O LIVRO MAGICO,B2300440200000,06/10/2023,DEFERIDO,MINORITÁRIA,ACORDO LATINO-AMERICANO DE COPRODUÇÃO CINEMATOGRÁFICA
NARRADORES DE JAVÉ,B0300005800000,13/05/2005,DEFERIDO,MINORITÁRIA,ACORDO DE COPRODUÇÃO CINEMATOGRÁFICA ENTRE O GOVERNO DA REPÚBLICA FEDERATIVA DO BRASIL E O GOVERNO DA REPÚBLICA FRANCESA
NEGOCIADOR,B2300258200000,27/06/2023,DEFERIDO,IGUALITÁRIA,
NEGÓCIO DOS SONHOS,B1600135200000,02/03/2016,DEFERIDO,MAJORITÁRIA,
NINGUÉM ESTÁ OLHANDO,B1700396100000,09/08/2017,DEFERIDO,MINORITÁRIA,ACORDO LATINO-AMERICANO DE COPRODUÇÃO CINEMATOGRÁFICA
NO BORDERS,B1500614900000,10/08/2015,DEFERIDO,MAJORITÁRIA,
NO GARGALO DO SAMBA,B1800408200000,03/09/2018,DEFERIDO,IGUALITÁRIA,
NO MEU LUGAR,B0901027100000,04/06/2009,DEFERIDO,MAJORITÁRIA,
NOITE DE FOGO,B2100427500000,05/10/2021,DEFERIDO,MINORITÁRIA,ACORDO LATINO-AMERICANO DE COPRODUÇÃO CINEMATOGRÁFICA
NONA - SI ME MOJAN YO LOS QUEMO,B1900203600000,30/04/2019,DEFERIDO,MINORITÁRIA,AJUSTE COMPLEMENTAR ENTRE O GOVERNO DA REPÚBLICA FEDERATIVA DO BRASIL E O GOVERNO DA REPÚBLICA DO CHILE NO ÂMBITO DA COOPERAÇÃO E DA COPRODUÇÃO CINEMATOGRÁFICA
NOVA ZELÂNDIA SELVAGEM,B1800267800000,12/06/2018,DEFERIDO,MAJORITÁRIA,
NOVAS ESPÉCIES - A EXPEDIÇÃO DO SÉCULO,B1900245100000,24/05/2019,DEFERIDO,MAJORITÁRIA,
"NOVO MUNDO, PINTURA DE RUA NA AMÉRICA LATINA",B2200457400000,05/12/2022,DEFERIDO,MAJORITÁRIA,
NUNCA NADA ACONTECEU,B2300204700000,26/05/2023,DEFERIDO,MINORITÁRIA,ACORDO DE COPRODUÇÃO CINEMATOGRÁFICA ENTRE OS GOVERNOS DA REPÚBLICA FEDERATIVA DO BRASIL E DA REPÚBLICA PORTUGUESA
NÃO PARE NA PISTA: A MELHOR HISTÓRIA DE PAULO COELHO,B1402201100000,05/06/2014,DEFERIDO,MAJORITÁRIA,ACORDO LATINO-AMERICANO DE COPRODUÇÃO CINEMATOGRÁFICA
O ANIVERSÁRIO DO SEU LAIR,B2200391300000,13/10/2022,DEFERIDO,MAJORITÁRIA,
O ANJO SURFISTA,B1500230700000,19/03/2015,DEFERIDO,MINORITÁRIA,
O BAILE DOS 41,B2200298400000,08/08/2022,DEFERIDO,MINORITÁRIA,ACORDO LATINO-AMERICANO DE COPRODUÇÃO CINEMATOGRÁFICA
O BANHEIRO DO PAPA,B0800821600000,31/01/2008,DEFERIDO,MINORITÁRIA,ACORDO LATINO-AMERICANO DE COPRODUÇÃO CINEMATOGRÁFICA
O BRASIL VISTO DO CÉU,B1500270700000,02/04/2015,DEFERIDO,IGUALITÁRIA,ACORDO DE COPRODUÇÃO CINEMATOGRÁFICA ENTRE O GOVERNO DA REPÚBLICA FEDERATIVA DO BRASIL E O GOVERNO DA REPÚBLICA FRANCESA
O BUSCADOR,B2000155000000,17/04/2020,DEFERIDO,MAJORITÁRIA,
O CLUBE DOS ANJOS,B2000525500000,08/12/2020,DEFERIDO,MAJORITÁRIA,ACORDO DE COPRODUÇÃO CINEMATOGRÁFICA ENTRE OS GOVERNOS DA REPÚBLICA FEDERATIVA DO BRASIL E DA REPÚBLICA PORTUGUESA
O DIABO BRANCO,B1900453800000,16/09/2019,DEFERIDO,MINORITÁRIA,ACORDO LATINO-AMERICANO DE COPRODUÇÃO CINEMATOGRÁFICA
O DIARIO DE ALICE,B2400250600000,19/06/2024,DEFERIDO,MINORITÁRIA,ACORDO LATINO-AMERICANO DE COPRODUÇÃO CINEMATOGRÁFICA
O ESTRANHO,B2400020300000,16/01/2024,DEFERIDO,MAJORITÁRIA,ACORDO DE COPRODUÇÃO CINEMATOGRÁFICA ENTRE O GOVERNO DA REPÚBLICA FEDERATIVA DO BRASIL E O GOVERNO DA REPÚBLICA FRANCESA
O GRANDE CIRCO MISTICO,B1800000800000,03/01/2018,DEFERIDO,MAJORITÁRIA,
O GRANDE KILAPY,B1301996600000,29/10/2013,DEFERIDO,MINORITÁRIA,ACORDO DE COPRODUÇÃO CINEMATOGRÁFICA ENTRE OS GOVERNOS DA REPÚBLICA FEDERATIVA DO BRASIL E DA REPÚBLICA PORTUGUESA
O JUDEU,B0400102700000,29/09/2004,DEFERIDO,IGUALITÁRIA,
O LIVRO DOS PRAZERES,B2100408100000,21/09/2021,DEFERIDO,MAJORITÁRIA,ACORDO DE COPRODUÇÃO CINEMATOGRÁFICA ENTRE O GOVERNO DA REPÚBLICA FEDERATIVA DO BRASIL E O GOVERNO DA REPÚBLICA ARGENTINA
O MANUSCRITO PERDIDO,B1101377500000,16/03/2011,DEFERIDO,MINORITÁRIA,
O MENSAGEIRO,B2300071700000,27/02/2023,DEFERIDO,MAJORITÁRIA,ACORDO LATINO-AMERICANO DE COPRODUÇÃO CINEMATOGRÁFICA
O MISTÉRIO DA ESTRADA DE SINTRA,B0700688200000,18/05/2007,DEFERIDO,MINORITÁRIA,ACORDO DE COPRODUÇÃO CINEMATOGRÁFICA ENTRE OS GOVERNOS DA REPÚBLICA FEDERATIVA DO BRASIL E DA REPÚBLICA PORTUGUESA
O MISTÉRIO DA FELICIDADE,B1500500200000,29/06/2015,DEFERIDO,MINORITÁRIA,ACORDO DE COPRODUÇÃO CINEMATOGRÁFICA ENTRE O GOVERNO DA REPÚBLICA FEDERATIVA DO BRASIL E O GOVERNO DA REPÚBLICA ARGENTINA
O MISTÉRIO DO BOTO COR DE ROSA,B1600603900000,13/09/2016,DEFERIDO,MINORITÁRIA,
O ORNITÓLOGO,B1600773600000,12/12/2016,DEFERIDO,MINORITÁRIA,ACORDO DE COPRODUÇÃO CINEMATOGRÁFICA ENTRE OS GOVERNOS DA REPÚBLICA FEDERATIVA DO BRASIL E DA REPÚBLICA PORTUGUESA
O OUTRO LADO DA RUA,B0400054400000,23/01/2004,DEFERIDO,IGUALITÁRIA,
O PASSADO,B0700692800000,25/05/2007,DEFERIDO,IGUALITÁRIA,ACORDO DE COPRODUÇÃO CINEMATOGRÁFICA ENTRE O GOVERNO DA REPÚBLICA FEDERATIVA DO BRASIL E O GOVERNO DA REPÚBLICA ARGENTINA
O PROCESSO,B1800130600000,26/03/2018,DEFERIDO,MAJORITÁRIA,
O QUE FICA,B1402392700000,02/10/2014,DEFERIDO,MAJORITÁRIA,
O SAMBA QUE MORA EM MIM,B1001318100000,27/10/2010,DEFERIDO,MAJORITÁRIA,ACORDO DE COPRODUÇÃO CINEMATOGRÁFICA ENTRE OS GOVERNOS DA REPÚBLICA FEDERATIVA DO BRASIL E DA REPÚBLICA PORTUGUESA
O SENTIDO DA VIDA,B2000320300000,04/08/2020,DEFERIDO,MINORITÁRIA,ACORDO DE COPRODUÇÃO CINEMATOGRÁFICA ENTRE OS GOVERNOS DA REPÚBLICA FEDERATIVA DO BRASIL E DA REPÚBLICA PORTUGUESA
O SEXO DOS ANJOS,B1201596000000,15/05/2012,DEFERIDO,MINORITÁRIA,ACORDO LATINO-AMERICANO DE COPRODUÇÃO CINEMATOGRÁFICA
O SUSSURRO DO JAGUAR,B1900400700000,21/08/2019,DEFERIDO,MINORITÁRIA,ACORDO DE COPRODUÇÃO CINEMATOGRÁFICA BRASIL-ALEMANHA
O TRAIDOR,B2200089800000,07/03/2022,DEFERIDO,MINORITÁRIA,ACORDO DE COPRODUÇÃO CINEMATOGRÁFICA ENTRE O GOVERNO DA REPÚBLICA FEDERATIVA DO BRASIL E O GOVERNO DA REPÚBLICA FRANCESA
O TREM DA UTOPIA,B2100017600000,14/01/2021,DEFERIDO,MAJORITÁRIA,ACORDO DE COPRODUÇÃO CINEMATOGRÁFICA ENTRE O GOVERNO DA REPÚBLICA FEDERATIVA DO BRASIL E O GOVERNO DA REPÚBLICA ITALIANA E TROCA DE NOTAS
O ÚLTIMO JOGO,B1800612900000,28/12/2018,DEFERIDO,MAJORITÁRIA,ACORDO LATINO-AMERICANO DE COPRODUÇÃO CINEMATOGRÁFICA
O ÚLTIMO PAÍS,B1800228100000,24/05/2018,DEFERIDO,MAJORITÁRIA,
O ÚLTIMO VOO DO FLAMINGO,B1001320600000,04/11/2010,DEFERIDO,MINORITÁRIA,ACORDO DE COPRODUÇÃO CINEMATOGRÁFICA ENTRE OS GOVERNOS DA REPÚBLICA FEDERATIVA DO BRASIL E DA REPÚBLICA PORTUGUESA
OLHANDO PARA AS ESTRELAS,B1700482200000,04/10/2017,DEFERIDO,MAJORITÁRIA,
OLHOS AZUIS - FILME (OLHOS AZUIS),B0901121700000,03/12/2009,DEFERIDO,MAJORITÁRIA,
ONCE UPON A TIME IN VENEZUELA,B2000343800000,19/08/2020,DEFERIDO,MINORITÁRIA,ACORDO LATINO-AMERICANO DE COPRODUÇÃO CINEMATOGRÁFICA
ONDE ANDARÁ DULCE VEIGA?,B0700801600000,26/11/2007,DEFERIDO,MAJORITÁRIA,ACORDO LATINO-AMERICANO DE COPRODUÇÃO CINEMATOGRÁFICA
OS CAMINHOS DO MEU PAI,B2100242000000,10/06/2021,DEFERIDO,MAJORITÁRIA,
OS DOZE TRABALHOS,B0600581800000,11/09/2006,DEFERIDO,MAJORITÁRIA,
OS ENFORCADOS,B2400372400000,19/09/2024,DEFERIDO,MAJORITÁRIA,ACORDO DE COPRODUÇÃO CINEMATOGRÁFICA ENTRE OS GOVERNOS DA REPÚBLICA FEDERATIVA DO BRASIL E DA REPÚBLICA PORTUGUESA
OS INIMIGOS DA DOR,B1402391300000,01/10/2014,DEFERIDO,MINORITÁRIA,ACORDO LATINO-AMERICANO DE COPRODUÇÃO CINEMATOGRÁFICA
OS MAIAS (ALGUNS) EPISÓDIOS DA VIDA ROMÂNTICA,B1402275800000,22/08/2014,DEFERIDO,MINORITÁRIA,
OS PAPAGAIOS AMARELOS,B0600506100000,08/05/2006,DEFERIDO,IGUALITÁRIA,
OSWALDO - 2° TEMPORADA,B1900211700000,06/05/2019,DEFERIDO,MAJORITÁRIA,
OUTRA HISTÓRIA DO MUNDO,B1700431000000,29/08/2017,DEFERIDO,MINORITÁRIA,ACORDO LATINO-AMERICANO DE COPRODUÇÃO CINEMATOGRÁFICA
PALAVRA E UTOPIA,B0700670000000,09/04/2007,DEFERIDO,MINORITÁRIA,ACORDO DE COPRODUÇÃO CINEMATOGRÁFICA ENTRE OS GOVERNOS DA REPÚBLICA FEDERATIVA DO BRASIL E DA REPÚBLICA PORTUGUESA
PALOMA,B2100472800000,28/10/2021,DEFERIDO,MAJORITÁRIA,ACORDO DE COPRODUÇÃO CINEMATOGRÁFICA ENTRE OS GOVERNOS DA REPÚBLICA FEDERATIVA DO BRASIL E DA REPÚBLICA PORTUGUESA
PARINTINS - JUNGLE MAGIC,B0600603500000,27/10/2006,DEFERIDO,MINORITÁRIA,
PARQUE PATATI PATATÁ,B1500690000000,11/09/2015,DEFERIDO,MAJORITÁRIA,
PARQUE PATATI PATATÁ - 2ª TEMPORADA,B1600649400000,28/09/2016,DEFERIDO,MAJORITÁRIA,
PARTIDO,B2400258100000,26/06/2024,DEFERIDO,MAJORITÁRIA,ACORDO LATINO-AMERICANO DE COPRODUÇÃO CINEMATOGRÁFICA
PASSA LÁ EM CASA-PARIS,B2400365800000,16/09/2024,DEFERIDO,MAJORITÁRIA,
PASSAPORTE HÚNGARO,B0300017900000,04/07/2003,DEFERIDO,MINORITÁRIA,
PASSAPORTE PARA LIBERDADE,B2100524400000,06/12/2021,DEFERIDO,MAJORITÁRIA,
PATERNO,B2100339300000,12/08/2021,DEFERIDO,MAJORITÁRIA,
PAULINA,B1600294100000,26/04/2016,DEFERIDO,MINORITÁRIA,ACORDO LATINO-AMERICANO DE COPRODUÇÃO CINEMATOGRÁFICA
PEDRO E INÊS,B2100120000000,22/03/2021,DEFERIDO,MINORITÁRIA,ACORDO DE COPRODUÇÃO CINEMATOGRÁFICA ENTRE OS GOVERNOS DA REPÚBLICA FEDERATIVA DO BRASIL E DA REPÚBLICA PORTUGUESA
PEDÁGIO,B2300343300000,15/08/2023,DEFERIDO,MAJORITÁRIA,ACORDO DE COPRODUÇÃO CINEMATOGRÁFICA ENTRE OS GOVERNOS DA REPÚBLICA FEDERATIVA DO BRASIL E DA REPÚBLICA PORTUGUESA
PELA JANELA,B1700088100000,23/02/2017,DEFERIDO,MAJORITÁRIA,
PELE DE VIDRO,B2400120900000,22/03/2024,DEFERIDO,MAJORITÁRIA,
PENAL CORDILLERA,B2400212800000,21/05/2024,DEFERIDO,MINORITÁRIA,AJUSTE COMPLEMENTAR ENTRE O GOVERNO DA REPÚBLICA FEDERATIVA DO BRASIL E O GOVERNO DA REPÚBLICA DO CHILE NO ÂMBITO DA COOPERAÇÃO E DA COPRODUÇÃO CINEMATOGRÁFICA
PENDULAR,B1700104200000,06/03/2017,DEFERIDO,MAJORITÁRIA,ACORDO LATINO-AMERICANO DE COPRODUÇÃO CINEMATOGRÁFICA
PERIGOSA OBSESSÃO,B0600460000000,25/01/2006,DEFERIDO,MINORITÁRIA,ACORDO DE COPRODUÇÃO CINEMATOGRÁFICA ENTRE O GOVERNO DA REPÚBLICA FEDERATIVA DO BRASIL E O GOVERNO DA REPÚBLICA ARGENTINA
PESSOAS HUMANAS,B1800468000000,03/10/2018,DEFERIDO,MINORITÁRIA,ACORDO LATINO-AMERICANO DE COPRODUÇÃO CINEMATOGRÁFICA
POETAS DO CÉU,B1900050800000,02/02/2019,DEFERIDO,MINORITÁRIA,ACORDO LATINO-AMERICANO DE COPRODUÇÃO CINEMATOGRÁFICA
POR PARTE DE PAI,B1700350800000,17/07/2017,DEFERIDO,IGUALITÁRIA,
POR PARTE DE PAI,B1700611300000,18/12/2017,DEFERIDO,IGUALITÁRIA,
POR TRÁS DO APP,B2100360200000,24/08/2021,DEFERIDO,MAJORITÁRIA,
POR UM PUNHADO DE DÓLARES - OS NOVOS EMIGRADOS,B1402301300000,11/09/2014,DEFERIDO,MAJORITÁRIA,ACORDO DE COPRODUÇÃO CINEMATOGRÁFICA BRASIL-ALEMANHA
PORNO PARA PRINCIPIANTES,B1900435600000,06/09/2019,DEFERIDO,MINORITÁRIA,ACORDO LATINO-AMERICANO DE COPRODUÇÃO CINEMATOGRÁFICA
PORNOMELANCOLIA,B2300165900000,25/04/2023,DEFERIDO,MINORITÁRIA,ACORDO LATINO-AMERICANO DE COPRODUÇÃO CINEMATOGRÁFICA
PRAIA DO FUTURO,B1402146300000,03/04/2014,DEFERIDO,MAJORITÁRIA,ACORDO DE COPRODUÇÃO CINEMATOGRÁFICA BRASIL-ALEMANHA
PRAIA FORMOSA,B2400038900000,26/01/2024,DEFERIDO,MAJORITÁRIA,ACORDO DE COPRODUÇÃO CINEMATOGRÁFICA ENTRE OS GOVERNOS DA REPÚBLICA FEDERATIVA DO BRASIL E DA REPÚBLICA PORTUGUESA
PRATA DA CASA,B1600418300000,29/06/2016,DEFERIDO,MAJORITÁRIA,
PRAÇA PARIS,B1700405200000,15/08/2017,DEFERIDO,MAJORITÁRIA,ACORDO LATINO-AMERICANO DE COPRODUÇÃO CINEMATOGRÁFICA
PRIMEIROS POVOS,B2300311400000,31/07/2023,DEFERIDO,MINORITÁRIA,
PROVA DE CORAGEM,B1500399400000,19/05/2015,DEFERIDO,MAJORITÁRIA,ACORDO LATINO-AMERICANO DE COPRODUÇÃO CINEMATOGRÁFICA
PUAN,B2300527400000,24/11/2023,DEFERIDO,MINORITÁRIA,ACORDO LATINO-AMERICANO DE COPRODUÇÃO CINEMATOGRÁFICA
QUANTO BASTA,B2200080400000,25/02/2022,DEFERIDO,MINORITÁRIA,ACORDO DE COPRODUÇÃO CINEMATOGRÁFICA ENTRE O GOVERNO DA REPÚBLICA FEDERATIVA DO BRASIL E O GOVERNO DA REPÚBLICA ITALIANA E TROCA DE NOTAS
QUASE DOIS IRMÃOS,B0400102900000,30/03/2005,DEFERIDO,MAJORITÁRIA,
QUERÊNCIA,B1900507200000,14/10/2019,DEFERIDO,MAJORITÁRIA,
RAIVA,B1800187200000,27/04/2018,DEFERIDO,MINORITÁRIA,ACORDO DE COPRODUÇÃO CINEMATOGRÁFICA ENTRE OS GOVERNOS DA REPÚBLICA FEDERATIVA DO BRASIL E DA REPÚBLICA PORTUGUESA
RAZDENSYA,B1800287500000,27/06/2018,DEFERIDO,IGUALITÁRIA,ACORDO DE COPRODUÇÃO CINEMATOGRÁFICA ENTRE O GOVERNO DA REPÚBLICA FEDERATIVA DO BRASIL E O GOVERNO DA REPÚBLICA FRANCESA
RAZÕES PARA NÃO SER MÃE,B1900582500000,26/11/2019,DEFERIDO,MINORITÁRIA,ACORDO LATINO-AMERICANO DE COPRODUÇÃO CINEMATOGRÁFICA
RAÇA,B1301784200000,16/04/2013,DEFERIDO,IGUALITÁRIA,
RECEITA DE VIAGEM COM BEL COELHO,B1500177800000,02/03/2015,DEFERIDO,MAJORITÁRIA,
REFORMA SURPRESA DICAS DE NATAL,B2200450100000,29/11/2022,DEFERIDO,MAJORITÁRIA,
REFRIGERANTES E CANÇÕES DE AMOR,B1700264400000,30/05/2017,DEFERIDO,MINORITÁRIA,ACORDO DE COPRODUÇÃO CINEMATOGRÁFICA ENTRE OS GOVERNOS DA REPÚBLICA FEDERATIVA DO BRASIL E DA REPÚBLICA PORTUGUESA
REJEITO,B2400198700000,15/05/2024,DEFERIDO,MINORITÁRIA,
REPARE BEM,B1301925900000,19/08/2013,DEFERIDO,MAJORITÁRIA,
RETRATO DE UM CERTO ORIENTE,B2300382200000,06/09/2023,DEFERIDO,MAJORITÁRIA,ACORDO DE COPRODUÇÃO CINEMATOGRÁFICA ENTRE O GOVERNO DA REPÚBLICA FEDERATIVA DO BRASIL E O GOVERNO DA REPÚBLICA ITALIANA E TROCA DE NOTAS
REUS,B1101438100000,09/06/2011,DEFERIDO,MINORITÁRIA,ACORDO LATINO-AMERICANO DE COPRODUÇÃO CINEMATOGRÁFICA
REZA,B1900138100000,25/03/2019,DEFERIDO,MAJORITÁRIA,
RIO BREAKS,B1302031200000,03/12/2013,DEFERIDO,MINORITÁRIA,
RIO CONNECTION,B2400058000000,09/02/2024,DEFERIDO,MAJORITÁRIA,
RIO HEAT,B2000374000000,10/09/2020,DEFERIDO,MINORITÁRIA,ACORDO DE COPRODUÇÃO AUDIOVISUAL ENTRE O GOVERNO DA REPÚBLICA FEDERATIVA DO BRASIL E O GOVERNO DO CANADÁ
RIOS VOADORES,B2200157800000,25/04/2022,DEFERIDO,MAJORITÁRIA,ACORDO DE COPRODUÇÃO CINEMATOGRÁFICA ENTRE O GOVERNO DA REPÚBLICA FEDERATIVA DO BRASIL E O GOVERNO DA REPÚBLICA FRANCESA
ROMANCE POLICIAL,B1402131500000,18/03/2014,DEFERIDO,MAJORITÁRIA,AJUSTE COMPLEMENTAR ENTRE O GOVERNO DA REPÚBLICA FEDERATIVA DO BRASIL E O GOVERNO DA REPÚBLICA DO CHILE NO ÂMBITO DA COOPERAÇÃO E DA COPRODUÇÃO CINEMATOGRÁFICA
ROMPIENDO LA OLA,B1500629500000,14/08/2015,DEFERIDO,MINORITÁRIA,ACORDO LATINO-AMERICANO DE COPRODUÇÃO CINEMATOGRÁFICA
ROSA MORENA,B1101438000000,09/06/2011,DEFERIDO,IGUALITÁRIA,
RUA DO ENCONTRO (STREETS OF ENCOUNTER),B0901091500000,28/09/2009,DEFERIDO,MINORITÁRIA,ACORDO DE COPRODUÇÃO AUDIOVISUAL ENTRE O GOVERNO DA REPÚBLICA FEDERATIVA DO BRASIL E O GOVERNO DO CANADÁ
RUA SEIS SEM NUMERO,B0200001200000,23/12/2002,DEFERIDO,IGUALITÁRIA,
SALAMANDRA,B2300469100000,24/10/2023,DEFERIDO,MINORITÁRIA,ACORDO DE COPRODUÇÃO CINEMATOGRÁFICA ENTRE O GOVERNO DA REPÚBLICA FEDERATIVA DO BRASIL E O GOVERNO DA REPÚBLICA FRANCESA
SALVOS DA EXTINÇÃO,B1301905100000,02/08/2013,DEFERIDO,MAJORITÁRIA,
SAMADHI ROAD,B2200167500000,02/05/2022,DEFERIDO,MAJORITÁRIA,
SAMUEL E A LUZ,B2400253400000,21/06/2024,DEFERIDO,MINORITÁRIA,
SANGRE,B2200417400000,09/11/2022,DEFERIDO,MINORITÁRIA,ACORDO DE COPRODUÇÃO CINEMATOGRÁFICA ENTRE O GOVERNO DA REPÚBLICA FEDERATIVA DO BRASIL E O GOVERNO DA REPÚBLICA ARGENTINA
SANGUE DE CAMPEÕES,B1900205000000,30/04/2019,DEFERIDO,MINORITÁRIA,ACORDO LATINO-AMERICANO DE COPRODUÇÃO CINEMATOGRÁFICA
SEGREDOS,B2400348600000,06/09/2024,DEFERIDO,MAJORITÁRIA,
SELVAGEM,B1900331000000,10/07/2019,DEFERIDO,MINORITÁRIA,ACORDO DE COPRODUÇÃO CINEMATOGRÁFICA ENTRE O GOVERNO DA REPÚBLICA FEDERATIVA DO BRASIL E O GOVERNO DA REPÚBLICA FRANCESA
SEM CORAÇÃO,B2400126700000,28/03/2024,DEFERIDO,MINORITÁRIA,ACORDO DE COPRODUÇÃO CINEMATOGRÁFICA ENTRE O GOVERNO DA REPÚBLICA FEDERATIVA DO BRASIL E O GOVERNO DA REPÚBLICA ITALIANA E TROCA DE NOTAS
SEM SEU SANGUE,B1900381500000,14/08/2019,DEFERIDO,MAJORITÁRIA,
SENHORITAS,B2400103500000,12/03/2024,DEFERIDO,MAJORITÁRIA,
SENTIDOS DO FIO,B2400347100000,05/09/2024,DEFERIDO,MAJORITÁRIA,
SENTIDOS DO FIO - SÉRIE,B2400370100000,18/09/2024,DEFERIDO,MAJORITÁRIA,
SETE ANOS EM MAIO,B1900217400000,09/05/2019,DEFERIDO,MAJORITÁRIA,
SIDERAL,B2200379600000,07/10/2022,DEFERIDO,IGUALITÁRIA,
SOBRE SONHOS E LIBERDADE,B2000187100000,13/05/2020,DEFERIDO,IGUALITÁRIA,ACORDO DE COPRODUÇÃO CINEMATOGRÁFICA ENTRE OS GOVERNOS DA REPÚBLICA FEDERATIVA DO BRASIL E DA REPÚBLICA PORTUGUESA
SOBREVIVENTES,B2400311400000,05/08/2024,DEFERIDO,MINORITÁRIA,ACORDO DE COPRODUÇÃO CINEMATOGRÁFICA ENTRE OS GOVERNOS DA REPÚBLICA FEDERATIVA DO BRASIL E DA REPÚBLICA PORTUGUESA
SONHOS E DESEJOS,B0600535300000,28/06/2006,DEFERIDO,MAJORITÁRIA,ACORDO DE COPRODUÇÃO CINEMATOGRÁFICA ENTRE OS GOVERNOS DA REPÚBLICA FEDERATIVA DO BRASIL E DA REPÚBLICA PORTUGUESA
STREET ART,B1500399300000,19/05/2015,DEFERIDO,MAJORITÁRIA,
SUBMERSOS,B1900429200000,04/09/2019,DEFERIDO,MINORITÁRIA,ACORDO LATINO-AMERICANO DE COPRODUÇÃO CINEMATOGRÁFICA
SUEÑO FLORIANÓPOLIS,B1800307200000,05/07/2018,DEFERIDO,MINORITÁRIA,ACORDO DE COPRODUÇÃO CINEMATOGRÁFICA ENTRE O GOVERNO DA REPÚBLICA FEDERATIVA DO BRASIL E O GOVERNO DA REPÚBLICA ARGENTINA
SUPER NADA,B1101521000000,10/11/2011,DEFERIDO,MAJORITÁRIA,ACORDO LATINO-AMERICANO DE COPRODUÇÃO CINEMATOGRÁFICA
SURF ADVENTURES,B0500377900000,26/09/2005,DEFERIDO,IGUALITÁRIA,
SUTURA,B2400289800000,22/07/2024,DEFERIDO,IGUALITÁRIA,
SÓLO DIOS SABE,B0600587800000,25/09/2006,DEFERIDO,IGUALITÁRIA,ACORDO LATINO-AMERICANO DE COPRODUÇÃO CINEMATOGRÁFICA
TABU,B1201639800000,31/07/2012,DEFERIDO,MINORITÁRIA,ACORDO DE COPRODUÇÃO CINEMATOGRÁFICA ENTRE OS GOVERNOS DA REPÚBLICA FEDERATIVA DO BRASIL E DA REPÚBLICA PORTUGUESA
TANTAS ALMAS,B2100148000000,09/04/2021,DEFERIDO,MINORITÁRIA,ACORDO LATINO-AMERICANO DE COPRODUÇÃO CINEMATOGRÁFICA
TAPETE VERMELHO,B0500438700000,02/12/2005,DEFERIDO,MAJORITÁRIA,ACORDO LATINO-AMERICANO DE COPRODUÇÃO CINEMATOGRÁFICA
TARDE PARA MORIR JOVEN,B1900363400000,02/08/2019,DEFERIDO,MINORITÁRIA,AJUSTE COMPLEMENTAR ENTRE O GOVERNO DA REPÚBLICA FEDERATIVA DO BRASIL E O GOVERNO DA REPÚBLICA DO CHILE NO ÂMBITO DA COOPERAÇÃO E DA COPRODUÇÃO CINEMATOGRÁFICA
TELEFONE SEM FIO,B1900581000000,26/11/2019,DEFERIDO,MAJORITÁRIA,
TEM CHEF EM CASA - ESPECIAL,B2000517400000,02/12/2020,DEFERIDO,MAJORITÁRIA,
TEMPERO NA MOCHILA,B1600045000000,19/01/2016,DEFERIDO,MAJORITÁRIA,
TERRA VERMELHA,B0800932600000,16/10/2008,DEFERIDO,MINORITÁRIA,ACORDO DE COPRODUÇÃO CINEMATOGRÁFICA ENTRE O GOVERNO DA REPÚBLICA FEDERATIVA DO BRASIL E O GOVERNO DA REPÚBLICA ITALIANA E TROCA DE NOTAS
THE BALLAD OF A HUSTLER,B2100368000000,30/08/2021,DEFERIDO,MINORITÁRIA,
THE CLEANERS,B1800536000000,09/11/2018,DEFERIDO,MINORITÁRIA,ACORDO DE COPRODUÇÃO CINEMATOGRÁFICA BRASIL-ALEMANHA
TODOS OS MORTOS,B2000436400000,22/10/2020,DEFERIDO,MAJORITÁRIA,ACORDO DE COPRODUÇÃO CINEMATOGRÁFICA ENTRE O GOVERNO DA REPÚBLICA FEDERATIVA DO BRASIL E O GOVERNO DA REPÚBLICA FRANCESA
TOKIORI - DOBRAS DO TEMPO,B1301981200000,07/10/2013,DEFERIDO,MAJORITÁRIA,
TRASH,B1402294200000,08/09/2014,DEFERIDO,MINORITÁRIA,ACORDO DE COPRODUÇÃO CINEMATOGRÁFICA BRASIL-ALEMANHA
TROCA DE ESTILOS,B1500019500000,08/01/2015,DEFERIDO,MAJORITÁRIA,
TRÊS VERÕES,B1900410500000,26/08/2019,DEFERIDO,MAJORITÁRIA,
TUDO ISTO É FADO,B0400121900000,13/12/2004,DEFERIDO,MINORITÁRIA,ACORDO DE COPRODUÇÃO CINEMATOGRÁFICA ENTRE OS GOVERNOS DA REPÚBLICA FEDERATIVA DO BRASIL E DA REPÚBLICA PORTUGUESA
UM ANIMAL AMARELO,B1900623600000,19/12/2019,DEFERIDO,MAJORITÁRIA,ACORDO DE COPRODUÇÃO CINEMATOGRÁFICA ENTRE OS GOVERNOS DA REPÚBLICA FEDERATIVA DO BRASIL E DA REPÚBLICA PORTUGUESA
UM JÓQUEI CEARENSE NA COREIA,B2200496400000,26/12/2022,DEFERIDO,IGUALITÁRIA,
UM SHOW DE NOIVA,B1500216600000,13/03/2015,DEFERIDO,MAJORITÁRIA,
"UM, DOIS FEIJÃO COM ARROZ",B1600648100000,27/09/2016,DEFERIDO,MAJORITÁRIA,
UMA,B1900177100000,16/04/2019,DEFERIDO,MINORITÁRIA,
UMA ESPÉCIE DE FAMÍLIA,B1700462900000,20/09/2017,DEFERIDO,MINORITÁRIA,ACORDO LATINO-AMERICANO DE COPRODUÇÃO CINEMATOGRÁFICA
UMA VIAGEM INESPERADA,B1800215300000,15/05/2018,DEFERIDO,MINORITÁRIA,ACORDO LATINO-AMERICANO DE COPRODUÇÃO CINEMATOGRÁFICA
UN CRIMEN COMÚN,B2000533500000,14/12/2020,DEFERIDO,MINORITÁRIA,ACORDO LATINO-AMERICANO DE COPRODUÇÃO CINEMATOGRÁFICA
UÝRA – A RETOMADA DA FLORESTA,B2200286600000,26/07/2022,DEFERIDO,MAJORITÁRIA,
VAZANTE,B1700051600000,02/02/2017,DEFERIDO,MAJORITÁRIA,ACORDO DE COPRODUÇÃO CINEMATOGRÁFICA ENTRE OS GOVERNOS DA REPÚBLICA FEDERATIVA DO BRASIL E DA REPÚBLICA PORTUGUESA
VENENO DA MADRUGADA,B0500265400000,22/06/2005,DEFERIDO,IGUALITÁRIA,ACORDO LATINO-AMERICANO DE COPRODUÇÃO CINEMATOGRÁFICA
VERGEL,B1700600300000,08/12/2017,DEFERIDO,MINORITÁRIA,ACORDO LATINO-AMERICANO DE COPRODUÇÃO CINEMATOGRÁFICA
VERLUST,B1900468100000,23/09/2019,DEFERIDO,MAJORITÁRIA,
VERMELHO BRASIL - FILME,B1402156100000,14/04/2014,DEFERIDO,MAJORITÁRIA,ACORDO DE COPRODUÇÃO AUDIOVISUAL ENTRE O GOVERNO DA REPÚBLICA FEDERATIVA DO BRASIL E O GOVERNO DO CANADÁ
VERMELHO BRASIL - SÉRIE,B1402161300000,22/04/2014,DEFERIDO,MAJORITÁRIA,ACORDO DE COPRODUÇÃO AUDIOVISUAL ENTRE O GOVERNO DA REPÚBLICA FEDERATIVA DO BRASIL E O GOVERNO DO CANADÁ
VERMELHO SOL,B1800458600000,28/09/2018,DEFERIDO,MINORITÁRIA,ACORDO LATINO-AMERICANO DE COPRODUÇÃO CINEMATOGRÁFICA
"VESTIDO, O",B0300040900000,03/11/2003,DEFERIDO,MAJORITÁRIA,ACORDO LATINO-AMERICANO DE COPRODUÇÃO CINEMATOGRÁFICA
VIDA DE ESTAGIÁRIO - 2ª TEMPORADA,B1500769700000,09/10/2015,DEFERIDO,MAJORITÁRIA,
VIDA DE MENINA,B0400171000000,21/12/2004,DEFERIDO,MAJORITÁRIA,ACORDO LATINO-AMERICANO DE COPRODUÇÃO CINEMATOGRÁFICA
VIEW POINT OF RENATA BUENO,B1900506100000,14/10/2019,DEFERIDO,MINORITÁRIA,ACORDO DE COPRODUÇÃO CINEMATOGRÁFICA ENTRE OS GOVERNOS DA REPÚBLICA FEDERATIVA DO BRASIL E DA REPÚBLICA PORTUGUESA
VINCHUCA,B2400336300000,27/08/2024,DEFERIDO,MINORITÁRIA,ACORDO LATINO-AMERICANO DE COPRODUÇÃO CINEMATOGRÁFICA
VINICIUS DE MORAES,B0500293600000,01/07/2005,DEFERIDO,IGUALITÁRIA,
VINTE ANOS,B1600725300000,09/11/2016,DEFERIDO,MAJORITÁRIA,ACORDO LATINO-AMERICANO DE COPRODUÇÃO CINEMATOGRÁFICA
VIOLA E TAMBOR,B1900525100000,21/10/2019,DEFERIDO,MINORITÁRIA,AJUSTE COMPLEMENTAR ENTRE O GOVERNO DA REPÚBLICA FEDERATIVA DO BRASIL E O GOVERNO DA REPÚBLICA DO CHILE NO ÂMBITO DA COOPERAÇÃO E DA COPRODUÇÃO CINEMATOGRÁFICA
VIOLETA FOI PARA O CÉU,B1201567200000,07/03/2012,DEFERIDO,MINORITÁRIA,AJUSTE COMPLEMENTAR ENTRE O GOVERNO DA REPÚBLICA FEDERATIVA DO BRASIL E O GOVERNO DA REPÚBLICA DO CHILE NO ÂMBITO DA COOPERAÇÃO E DA COPRODUÇÃO CINEMATOGRÁFICA
VIOLETA FOI PARA O CÉU,B1201707100000,13/12/2012,DEFERIDO,MINORITÁRIA,AJUSTE COMPLEMENTAR ENTRE O GOVERNO DA REPÚBLICA FEDERATIVA DO BRASIL E O GOVERNO DA REPÚBLICA DO CHILE NO ÂMBITO DA COOPERAÇÃO E DA COPRODUÇÃO CINEMATOGRÁFICA
VIRAR MAR,B2200073700000,21/02/2022,DEFERIDO,MINORITÁRIA,ACORDO DE COPRODUÇÃO CINEMATOGRÁFICA BRASIL-ALEMANHA
VIVA SAPATO!,B0300026000000,26/08/2003,DEFERIDO,MINORITÁRIA,
VIVIR ALLÍ NO ES EL INFIERNO ES EL FUEGO DEL DESIERTO.LA PLENITUD DE LA VIDA QUEDÓ AHÍ COMO UN ÁRBOL,B1900322000000,08/07/2019,DEFERIDO,MINORITÁRIA,AJUSTE COMPLEMENTAR ENTRE O GOVERNO DA REPÚBLICA FEDERATIVA DO BRASIL E O GOVERNO DA REPÚBLICA DO CHILE NO ÂMBITO DA COOPERAÇÃO E DA COPRODUÇÃO CINEMATOGRÁFICA
VIÚVA RICA SOLTEIRA NÃO FICA,B0700655500000,08/03/2007,DEFERIDO,MINORITÁRIA,ACORDO DE COPRODUÇÃO CINEMATOGRÁFICA ENTRE OS GOVERNOS DA REPÚBLICA FEDERATIVA DO BRASIL E DA REPÚBLICA PORTUGUESA
VOCÊ RENOVA,B2000468900000,06/11/2020,DEFERIDO,MAJORITÁRIA,
VOCÊ RENOVA - 2ª TEMPORADA,B2100411000000,22/09/2021,DEFERIDO,MAJORITÁRIA,
WANDERING HEART,B2100259600000,16/06/2021,DEFERIDO,MINORITÁRIA,ACORDO LATINO-AMERICANO DE COPRODUÇÃO CINEMATOGRÁFICA
WHEN IN VENICE,B2100486100000,09/11/2021,DEFERIDO,MAJORITÁRIA,
WIGUDUN - ALMA DE DOIS ESPÍRITOS,B2400259800000,26/06/2024,DEFERIDO,MINORITÁRIA,ACORDO LATINO-AMERICANO DE COPRODUÇÃO CINEMATOGRÁFICA
"XANGÔ DE BAKER STREET, O",B0300004700000,13/05/2005,DEFERIDO,MINORITÁRIA,ACORDO DE COPRODUÇÃO CINEMATOGRÁFICA ENTRE OS GOVERNOS DA REPÚBLICA FEDERATIVA DO BRASIL E DA REPÚBLICA PORTUGUESA
YVONE KANE,B1402296700000,09/09/2014,DEFERIDO,MINORITÁRIA,ACORDO DE COPRODUÇÃO CINEMATOGRÁFICA ENTRE OS GOVERNOS DA REPÚBLICA FEDERATIVA DO BRASIL E DA REPÚBLICA PORTUGUESA
"ZAATARI, O FILME",B1800606700000,19/12/2018,DEFERIDO,MINORITÁRIA,ACORDO DE COPRODUÇÃO CINEMATOGRÁFICA BRASIL-ALEMANHA
ZAFARI,B2400445200000,29/10/2024,DEFERIDO,MINORITÁRIA,ACORDO LATINO-AMERICANO DE COPRODUÇÃO CINEMATOGRÁFICA
ZAMA,B1700480900000,03/10/2017,DEFERIDO,MINORITÁRIA,ACORDO LATINO-AMERICANO DE COPRODUÇÃO CINEMATOGRÁFICA
ZIMBA,B2000042900000,04/02/2020,DEFERIDO,MAJORITÁRIA,
ZOOM,B1600036800000,14/01/2016,DEFERIDO,MINORITÁRIA,ACORDO DE COPRODUÇÃO AUDIOVISUAL ENTRE O GOVERNO DA REPÚBLICA FEDERATIVA DO BRASIL E O GOVERNO DO CANADÁ
À DERIVA,B0901015000000,06/05/2009,DEFERIDO,MINORITÁRIA,
À MARGEM DO LIXO,B0800959200000,09/12/2008,DEFERIDO,MAJORITÁRIA,ACORDO DE COPRODUÇÃO CINEMATOGRÁFICA ENTRE OS GOVERNOS DA REPÚBLICA FEDERATIVA DO BRASIL E DA REPÚBLICA PORTUGUESA
ÁGUAS SELVAGENS,B1900245500000,27/05/2019,DEFERIDO,MINORITÁRIA,ACORDO DE COPRODUÇÃO CINEMATOGRÁFICA ENTRE O GOVERNO DA REPÚBLICA FEDERATIVA DO BRASIL E O GOVERNO DA REPÚBLICA ARGENTINA
É PROIBIDO PROIBIR,B0600524400000,09/06/2006,DEFERIDO,MAJORITÁRIA,
ÚLTIMA PARADA - 174,B0800914800000,05/09/2008,DEFERIDO,MAJORITÁRIA,ACORDO DE COPRODUÇÃO CINEMATOGRÁFICA ENTRE O GOVERNO DA REPÚBLICA FEDERATIVA DO BRASIL E O GOVERNO DA REPÚBLICA FRANCESA
